article_title_eng,article_eng,article_title_kor,article_kor
CHAPTER I GENERAL PROVISIONS,,제1장 총칙,
Article 1 (Purpose),"The purpose of this Decree is to prescribe matters delegated by the Licensed Real Estate Agents Act and matters necessary for the enforcement thereof. <Amended by Presidential Decree No. 25522, Jul. 28, 2014>",제1조(목적),이 영은 「공인중개사법」에서 위임된 사항과 그 시행에 필요한 사항을 규정함을 목적으로 한다. <개정 2014.7.28.>
Article 1-2 (Composition of Licensed Real Estate Agent Policy Deliberation Committee),"(1) The Licensed Real Estate Agent Policy Deliberation Committee (hereinafter referred to as the ""Deliberation Committee"") under Article 2-2 (1) of the Licensed Real Estate Agents Act (hereinafter referred to as the ""Act"") shall be comprised of at least seven, but not exceeding eleven members, including one chairperson.(2) The Vice Minister for Land and Infrastructure of the Ministry of Land, Infrastructure and Transport shall be the chairperson of the Deliberation Committee, and members shall be appointed or commissioned by the Minister of Land, Infrastructure and Transport from among the following persons:1. A public official of at least Grade IV from the Ministry of Land, Infrastructure and Transport or equivalent, or a public official in general service of the Senior Civil Service;2. A person serving as an associate professor or higher at a school referred to in Article 2 of the Higher Education Act; 3. A person qualified as an attorney-at-law or certified public accountant;4. A person recommended by a licensed real estate agent association provided for in Article 41 of the Act;5. A person recommended by the head of an institution entrusted, pursuant to Article 45 of the Act, with affairs related to the execution of a qualifying examination for licensed real estate agents provided for in Article 4 of the Act (hereinafter referred to as ""examination"");6. A person recommended by a non-profit, non-governmental organization registered under Article 4 of the Assistance for Non-Profit, Non-Governmental Organizations Act;7. A person who serves as an executive or employee of a consumer organization registered under Article 29 of the Framework Act on Consumers or of the Korea Consumer Agency established under Article 33 of the same Act;8. Other persons with extensive knowledge on and experience in affairs related to the fields of real estate or finance.(3) The term of office of the members under paragraph (2) 2 through 8 shall be two years, and the term of a member newly commissioned due to resignation, etc. of a member shall be the remainder of his/her predecessor's term of office.[This Article Newly Inserted by Presidential Decree No. 25522, Jul. 28, 2014] ",제1조의2(공인중개사 정책심의위원회의 구성),"① 「공인중개사법」(이하 ""법""이라 한다) 제2조의2제1항에 따른 공인중개사 정책심의위원회(이하 ""심의위원회""라 한다)는 위원장 1명을 포함하여 7명 이상 11명 이내의 위원으로 구성한다.② 심의위원회 위원장은 국토교통부 제1차관이 되고, 위원은 다음 각 호의 어느 하나에 해당하는 사람 중에서 국토교통부장관이 임명하거나 위촉한다.1. 국토교통부의 4급 이상 또는 이에 상당하는 공무원이나 고위공무원단에 속하는 일반직공무원2. 「고등교육법」 제2조에 따른 학교에서 부교수 이상의 직(職)에 재직하고 있는 사람3. 변호사 또는 공인회계사의 자격이 있는 사람4. 법 제41조에 따른 공인중개사협회에서 추천하는 사람5. 법 제45조에 따라 법 제4조에 따른 공인중개사자격시험(이하 ""시험""이라 한다)의 시행에 관한 업무를 위탁받은 기관의 장이 추천하는 사람6. 「비영리민간단체 지원법」 제4조에 따라 등록한 비영리민간단체에서 추천한 사람7. 「소비자 기본법」 제29조에 따라 등록한 소비자단체 또는 같은 법 제33조에 따른 한국소비자원의 임직원으로 재직하고 있는 사람8. 그 밖에 부동산ㆍ금융 관련 분야에 학식과 경험이 풍부한 사람③ 제2항제2호부터 제8호까지의 규정에 따른 위원의 임기는 2년으로 하되, 위원의 사임 등으로 새로 위촉된 위원의 임기는 전임위원 임기의 남은 기간으로 한다.[본조신설 2014.7.28.]"
"Article 1-3 (Exclusion, Challenge, Abstention, etc. of Members)","(1) Any member of the Deliberation Committee who falls under any of the following shall be excluded from the mediation and resolution in the Deliberation Committee:1. Where a member or a present or former spouse of a member becomes a party to the relevant agenda (where the party is a corporation or an organization, including the executives thereof; hereafter in this subparagraph and subparagraph 2, the same shall apply) or is a joint holder of any right or obligation;2. Where a member is or was a relative of a party to the relevant agenda; 3. Where a member has provided any testimony, statement, or counselling, or conducted any survey, research, service, or appraisal pertaining to the relevant agenda item;4. Where a member or a corporation, organization, etc. to which a member belongs is or was a proxy for a party to the relevant agenda item. (2) If any ground exists making it difficult to expect impartial deliberation and resolution from a member, a party to the relevant agenda item may file a request to challenge the relevant member with the Deliberation Committee, and the Deliberation Committee shall make a decision thereon by resolution. In such cases, no member subject to such request for the challenge shall participate in the resolution. (3) Where a member falls under any subparagraph of paragraph (1), he/she shall voluntarily abstain from the deliberation and resolution on the relevant agenda item.(4) If any member fails to abstain despite falling under any subparagraph of paragraph (1), the Minister of Land, Infrastructure and Transport may dismiss the relevant member. [This Article Newly Inserted by Presidential Decree No. 25522, Jul. 28, 2014]",제1조의3(위원의 제척ㆍ기피ㆍ회피 등),"① 심의위원회의 위원이 다음 각 호의 어느 하나에 해당하는 경우에는 심의위원회의 심의ㆍ의결에서 제척(除斥)된다.1. 위원 또는 그 배우자나 배우자이었던 사람이 해당 안건의 당사자(당사자가 법인ㆍ단체 등인 경우에는 그 임원을 포함한다. 이하 이 호 및 제2호에서 같다)가 되거나 그 안건의 당사자와 공동권리자 또는 공동의무자인 경우2. 위원이 해당 안건의 당사자와 친족이거나 친족이었던 경우3. 위원이 해당 안건에 대하여 증언, 진술, 자문, 조사, 연구, 용역 또는 감정을 한 경우4. 위원이나 위원이 속한 법인ㆍ단체 등이 해당 안건의 당사자의 대리인이거나 대리인이었던 경우② 해당 안건의 당사자는 위원에게 공정한 심의ㆍ의결을 기대하기 어려운 사정이 있는 경우에는 심의위원회에 기피 신청을 할 수 있고, 심의위원회는 의결로 이를 결정한다. 이 경우 기피 신청의 대상인 위원은 그 의결에 참여하지 못한다.③ 위원 본인이 제1항 각 호에 따른 제척 사유에 해당하는 경우에는 스스로 해당 안건의 심의ㆍ의결에서 회피(回避)하여야 한다.④ 국토교통부장관은 위원이 제1항 각 호의 어느 하나에 해당하는 데에도 불구하고 회피하지 아니한 경우에는 해당 위원을 해촉(解囑)할 수 있다.[본조신설 2014.7.28.]"
Article 1-4 (Duties of Chairperson),"(1) The chairperson shall represent the Deliberation Committee and exercise overall control over its affairs.(2) If the chairperson is unable to perform any of his/her duties due to any extenuating circumstance, a member previously so designated by the chairperson shall act on behalf of the chairperson.[This Article Newly Inserted by Presidential Decree No. 25522, Jul. 28, 2014]",제1조의4(위원장의 직무),"① 위원장은 심의위원회를 대표하고, 심의위원회의 업무를 총괄한다.② 위원장이 부득이한 사유로 직무를 수행할 수 없을 때에는 위원장이 미리 지명한 위원이 그 직무를 대행한다.[본조신설 2014.7.28.]"
Article 1-5 (Operation of Deliberation Committee),"(1) The chairperson shall convoke and preside over meetings of the Deliberation Committee.(2) Any resolution passed in a meeting of the Deliberation Committee shall require the attendance of a majority of all incumbent members and the affirmative vote of a majority of those present. (3) In convening a meeting of the Deliberation Committee, the chairperson shall notify each member of the date and time, venue, and agenda of the meeting by not later than seven days before the meeting is held: Provided, That if a meeting is to be held urgently or if any extenuating circumstance exist, the chairperson may notify such information by at least one day before holding the relevant meeting.(4) Where deemed necessary for deliberation, the chairperson may require related experts to attend a meeting and may hear their opinions or request them to submit their opinions. [This Article Newly Inserted by Presidential Decree No. 25522, Jul. 28, 2014]",제1조의5(심의위원회의 운영),"① 위원장은 심의위원회의 회의를 소집하고, 그 의장이 된다.② 심의위원회의 회의는 재적위원 과반수의 출석으로 개의(開議)하고, 출석위원 과반수의 찬성으로 의결한다.③ 위원장은 심의위원회의 회의를 소집하려면 회의 개최 7일 전까지 회의의 일시, 장소 및 안건을 각 위원에게 통보하여야 한다. 다만, 긴급하게 개최하여야 하거나 부득이한 사유가 있는 경우에는 회의 개최 전날까지 통보할 수 있다.④ 위원장은 심의에 필요하다고 인정하는 경우 관계 전문가를 출석하게 하여 의견을 듣거나 의견 제출을 요청할 수 있다.[본조신설 2014.7.28.]"
Article 1-6 (Administrative Secretary),"(1) In order to manage the affairs of the Deliberation Committee, the Deliberation Committee shall have an administrative secretary.(2) The administrative secretary shall be appointed by the chairperson of the Deliberative Committee from among public officials from the Ministry of Land, Infrastructure and Transport.[This Article Newly Inserted by Presidential Decree No. 25522, Jul. 28, 2014]",제1조의6(간사),① 심의위원회에 심의위원회의 사무를 처리할 간사 1명을 둔다.② 간사는 심의위원회의 위원장이 국토교통부 소속 공무원 중에서 지명한다.[본조신설 2014.7.28.]
"Article 1-7 (Allowances, etc.)","Members and related experts who attend Deliberation Committee meetings may be paid allowances and reimbursed for travel expenses, within budgetary limits: Provided, That this shall not apply where a member who is a public official attends a Deliberation Committee meeting directly in connection with his/her relevant duties.[This Article Newly Inserted by Presidential Decree No. 25522, Jul. 28, 2014]",제1조의7(수당 등),"심의위원회에 출석한 위원 및 관계 전문가에게는 예산의 범위에서 수당과 여비를 지급할 수 있다. 다만, 공무원인 위원이 그 소관 업무와 직접적으로 관련되어 심의위원회에 출석하는 경우에는 그러하지 아니하다.[본조신설 2014.7.28.]"
Article 1-8 (By-Laws),"Matters necessary for the operation, etc. of the Deliberation Committee, other than those prescribed in this Decree, shall be determined by the chairperson following the resolution of the Deliberation Committee.[This Article Newly Inserted by Presidential Decree No. 25522, Jul. 28, 2014]",제1조의8(운영세칙),이 영에서 규정한 사항 외에 심의위원회의 운영 등에 필요한 사항은 심의위원회 의결을 거쳐 위원장이 정한다.[본조신설 2014.7.28.]
Article 2 (Scope of Objects of Brokerage),"The objects of brokerage under subparagraph 3 of Article 3 of the Act shall be as follows: <Amended by Presidential Decree No. 22711, Mar. 15, 2011; Presidential Decree No. 25522, Jul. 28, 2014>1. Standing timber under the Standing Timber Act;2. Factory foundations and mining foundations under the Factory and Mining Foundations Mortgages Act; 3. Deleted. <by Presidential Decree No. 22711, Mar. 15, 2011>",제2조(중개대상물의 범위),"법 제3조제3호에 따른 중개대상물은 다음 각 호와 같다. <개정 2011.3.15., 2014.7.28.>1. 「입목에 관한 법률」에 따른 입목2. 「공장 및 광업재단 저당법」에 따른 공장재단 및 광업재단3. 삭제 <2011.3.15.>"
CHAPTER II LICENSED REAL ESTATE AGENT,,제2장 공인중개사,
"Article 3 (Qualifying Examination Administered by Minister of Land, Infrastructure and Transport)","Where the Minister of Land, Infrastructure and Transport is to directly set questions for the examination or to directly execute the examination as provided for in Article 4 (2) of the Act, he/she shall obtain resolution of the Deliberation Committee in advance. <Amended by Presidential Decree No. 20722, Feb. 29, 2008; Presidential Decree No. 24443, Mar. 23, 2013; Presidential Decree No. 25522, Jul. 28, 2014>",제3조(국토교통부장관이 시행하는 자격시험),"국토교통부장관이 법 제4조제2항에 따라 직접 시험문제를 출제하거나 시험을 시행하려는 경우에는 심의위원회의 의결을 미리 거쳐야 한다. <개정 2008.2.29., 2013.3.23., 2014.7.28.>[제목개정 2008.2.29., 2013.3.23.]"
"Article 4 Deleted. <by Presidential Decree No. 25522, Jul. 28, 2014>",,제4조 삭제 <2014.7.28.>,
Article 5 (Examination Method and Partial Exemption from Examination),"(1) The examination shall be carried out by being divided into primary examination and secondary examination. In this case, the secondary examination shall be executed with respect to those persons who have passed the primary examination.(2) Notwithstanding paragraph (1), when deemed necessary by the Special Metropolitan City Mayor, Metropolitan City Mayor, Do Governor, or Special Self-Governing Province Governor (hereinafter referred to as ""Mayor/Do Governor""), or the Minister of Land, Infrastructure and Transport (hereinafter referred to as ""head of examination-administering institution""), who administers the examination pursuant to Article 4 (1) or (2) of the Act, the primary examination and secondary examination shall be divided but may be executed at the same time, in which case, the examination method of the secondary examination shall be governed by paragraph (4). <Amended by Presidential Decree No. 20722, Feb. 29, 2008; Presidential Decree No. 21001, Sep. 10, 2008; Presidential Decree No. 24443, Mar. 23, 2013>(3) In cases where the primary examination and the secondary examination are carried out at the same time pursuant to paragraph (2), the secondary examination of persons who fail in the primary examination shall be null and void.(4) The primary examination shall be given in a multiple-choice form as a general rule, which may be combined with the short answer form of subjective mode or gap-filling form.(5) The secondary examination shall be given in an essay form in principle, which may be combined with the short answer form of subjective mode or gap-filling form.(6) For the persons who have passed the primary examination, the primary examination shall be exempted limited to the examination for the next occasion.",제5조(시험방법 및 시험의 일부면제),"① 시험은 제1차시험 및 제2차시험으로 구분하여 시행한다. 이 경우 제2차시험은 제1차시험에 합격한 자를 대상으로 시행한다.② 제1항에도 불구하고 법 제4조제1항 또는 같은 조 제2항에 따라 시험을 시행하는 특별시장ㆍ광역시장ㆍ도지사ㆍ특별자치도지사(이하 ""시ㆍ도지사""라 한다) 또는 국토교통부장관(이하 ""시험시행기관장""이라 한다)이 필요하다고 인정하는 경우에는 제1차시험과 제2차시험을 구분하되 동시에 시행할 수 있으며, 이 경우 제2차시험의 시험방법은 제4항에 따른다. <개정 2008.2.29., 2008.9.10., 2013.3.23.>③ 제2항의 규정에 따라 제1차시험과 제2차시험을 동시에 시행하는 경우에는 제1차시험에 불합격한 자의 제2차시험은 무효로 한다.④ 제1차시험은 선택형으로 출제하는 것을 원칙으로 하되, 주관식 단답형 또는 기입형을 가미할 수 있다.⑤ 제2차시험은 논문형으로 출제하는 것을 원칙으로 하되, 주관식 단답형 또는 기입형을 가미할 수 있다.⑥ 제1차시험에 합격한 자에 대하여는 다음 회의 시험에 한하여 제1차시험을 면제한다."
Article 6 (Subjects of Examination),The subjects of the primary and secondary examinations shall be as shown in the attached Table 1.,제6조(시험과목),제1차시험 및 제2차시험의 시험과목은 별표 1과 같다.
Article 7 (Execution and Publication of Examinations),"(1) Examinations shall be administered at least once a year: Provided, That if there exist extenuating circumstances that may make it impossible to administer an examination, the head of the examination-administering institution may choose not to administer the examination in the relevant year with the approval of the Deliberation Committee. <Amended by Presidential Decree No. 25522, Jul. 28, 2014>(2) When the head of the examination-administering institution intends to administer an examination pursuant to Article 4 of the Act, he/she shall publish the planned examination schedule, such as examination dates and methods in the Official Gazette and general daily newspapers defined in subparagraph 1 (a) of Article 2 of the Act on the Promotion of Newspapers, etc. (hereinafter referred to as ""daily newspaper""), by no later than February 28 every year. <Amended by Presidential Decree No. 21148, Dec. 3, 2008; Presidential Decree No. 22003, Jan. 27, 2010>(3) When the head of the examination-administering institution intends to administer an examination after publication under paragraph (2), he/she shall publish necessary matters concerning execution of the examination, such as examination date, place and methods, methods of deciding successful examinees and refund of application fees in the Official Gazette and daily newspapers by no later than 90 days before the examination is administered. <Amended by Presidential Decree No. 23759, May 1, 2012> ",제7조(시험의 시행ㆍ공고),"① 시험은 매년 1회 이상 시행한다. 다만, 시험시행기관장은 시험을 시행하기 어려운 부득이한 사정이 있는 경우에는 심의위원회의 의결을 거쳐 당해연도의 시험을 시행하지 아니할 수 있다. <개정 2014.7.28.>② 시험시행기관장은 법 제4조의 규정에 따라 시험을 시행하고자 하는 때에는 예정 시험일시ㆍ시험방법 등 시험시행에 관한 개략적인 사항을 매년 2월 28일까지 관보 및 「신문 등의 진흥에 관한 법률」 제2조제1호가목에 따른 일반일간신문(이하 ""일간신문""이라 한다)에 공고하여야 한다. <개정 2008.12.3., 2010.1.27.>③ 시험시행기관장은 제2항의 규정에 따른 공고 후 시험을 시행하고자 하는 때에는 시험일시, 시험장소, 시험방법, 합격자 결정방법 및 응시수수료의 반환에 관한 사항 등 시험의 시행에 관하여 필요한 사항을 시험시행일 90일 전까지 관보 및 일간신문에 공고하여야 한다. <개정 2012.5.1.>"
"Article 8 (Application Form for Examination, etc.)","(1) A person who intends to take the examination shall submit an application form as prescribed by Ordinance of the Ministry of Land, Infrastructure and Transport. <Amended by Presidential Decree No. 20722, Feb. 29, 2008; Presidential Decree No. 24443, Mar. 23, 2013>(2) Where a person who has paid an application fee falls under any of the following cases, the head of the examination-administering institution shall fully or partially refund the fee, as prescribed by Ordinance of the Ministry of Land, Infrastructure and Transport: <Amended by Presidential Decree No. 20722, Feb. 29, 2008; Presidential Decree No. 24443, Mar. 23, 2013; Presidential Decree No. 24912, Dec. 4, 2013>1. Where he/she has erroneously or overpaid the fee;2. Where he/she is unable to take the examination due to any cause attributable to the examination-administering institution;3. Where he/she withdraws his/her application by not later than 10 days prior to the date of examination. ",제8조(응시원서 등),"① 시험에 응시하고자 하는 자는 국토교통부령이 정하는 바에 따라 응시원서를 제출하여야 한다. <개정 2008.2.29., 2013.3.23.>② 시험시행기관장은 응시수수료를 납부한 자가 다음 각 호의 어느 하나에 해당하는 경우에는 국토교통부령으로 정하는 바에 따라 응시수수료의 전부 또는 일부를 반환하여야 한다. <개정 2008.2.29., 2013.3.23., 2013.12.4.>1. 수수료를 과오납(過誤納)한 경우2. 시험시행기관의 귀책사유로 시험에 응하지 못한 경우3. 시험시행일 10일 전까지 응시원서 접수를 취소하는 경우"
Article 9 (Preparation and Scoring of Examination),"(1) The head of the examination-administering institution shall appoint or commission persons to be in charge of the selection of examination questions and the preparing, reviewing and marking of examination papers (hereafter in this Article and Article 11 referred to as ""members preparing examination papers"") from among persons who have ample learning and experience in the field of real estate brokerage and related fields.(2) Persons appointed or commissioned as members preparing examination papers pursuant to paragraph (1) shall faithfully observe the matters to be kept in mind and other compliance rules in selecting examination questions or preparing, reviewing or marking the examination papers, as requested by the head of the examination-administering institution.(3) When any members preparing the examination papers, by violating paragraph (2), behave in a way which allows the reliability of the examination to severely deteriorate, the head of the examination-administering institution shall notify the list of their names to the heads of other examination-administering institutions and of the agencies to which the members preparing the examination papers concerned belong.(4) The Minister of Land, Infrastructure and Transport or the Mayor/Do Governor shall not commission the members preparing examination papers whose names are notified by the head of the examination-administering institution pursuant to paragraph (3), as members preparing examination papers for five years from the date when he/she is notified thereof. <Amended by Presidential Decree No. 20722, Feb. 29, 2008; Presidential Decree No. 24443, Mar. 23, 2013>",제9조(시험의 출제 및 채점),"① 시험시행기관장은 부동산중개업무 및 관련 분야에 관한 학식과 경험이 풍부한 자 중에서 시험문제의 출제ㆍ선정ㆍ검토 및 채점을 담당할 자(이하 이 조 및 제11조에서 ""출제위원""이라 한다)를 임명 또는 위촉한다.② 제1항의 규정에 따라 출제위원으로 임명 또는 위촉된 자는 시험시행기관장이 요구하는 시험문제의 출제ㆍ선정ㆍ검토 또는 채점상의 유의사항 및 준수사항을 성실히 이행하여야 한다.③ 시험시행기관장은 제2항의 규정을 위반함으로써 시험의 신뢰도를 크게 떨어뜨리는 행위를 한 출제위원이 있는 때에는 그 명단을 다른 시험시행기관장 및 그 출제위원이 소속하고 있는 기관의 장에게 통보하여야 한다.④ 국토교통부장관 또는 시ㆍ도지사는 제3항의 규정에 따라 시험시행기관장이 명단을 통보한 출제위원에 대하여는 그 명단을 통보한 날부터 5년간 시험의 출제위원으로 위촉하여서는 아니 된다. <개정 2008.2.29., 2013.3.23.>"
Article 10 (Decision on Successful Examinees),"(1) In the primary examination, the successful examinees shall be the persons who gain not less than 40 points in each subject as well as an average of not less than 60 points in all subjects, by making 100 points as a perfect score for each subject.(2) In the secondary examination, the persons who gain not less than 40 points in each subject and an average of not less than 60 points in all subjects, by making 100 points as a perfect score for each subject, shall be determined as the successful examinees: Provided, That in case where the head of the examination-administering institution, deeming it necessary from the view of supply and demand of licensed real estate agents, publicly notifies in advance the planned number of persons to be selected subject to the decision of the Deliberation Committee, successful examinees shall be decided in the order of the higher scorer in the total points on all subjects, from among persons whose score is 40 points or more in each subject, within the limit of the planned number of persons to be selected. <Amended by Presidential Decree No. 25522, Jul. 28, 2014>(3) Where the number of successful examinees determined under the proviso to paragraph (2) and paragraph (5) exceeds the planned number of persons to be selected due to the same scorers, all of such same scorers shall be deemed as successful examinees.(4) The head of the examination-administering institution may, when deemed necessary to ensure equity among examinees, announce in advance the minimum number or percentage of successful examinees, subject to the decision of the Deliberation Committee. <Amended by Presidential Decree No. 25522, Jul. 28, 2014>(5) Where the minimum number or percentage of successful examinees is announced pursuant to paragraph (4), if persons who gain not less than 40 points in each subject and an average of not less than 60 points in all subjects in the secondary examination fall short of the prescribed minimum number or percentage of successful examinees, the successful examinees shall be determined in the order of the higher scorer in the total points on all subjects from among persons who gain not less than 40 points in each subject, within the limit of the prescribed minimum number or percentage of successful examinees.",제10조(시험의 합격자 결정),"① 제1차시험에 있어서는 매과목 100점을 만점으로 하여 매과목 40점 이상, 전과목 평균 60점 이상 득점한 자를 합격자로 한다.② 제2차시험에 있어서는 매과목 100점을 만점으로 하여 매과목 40점 이상, 전과목 평균 60점 이상 득점한 자를 합격자로 한다. 다만, 시험시행기관장이 공인중개사의 수급상 필요하다고 인정하여 심의위원회의 의결을 거쳐 선발예정인원을 미리 공고한 경우에는 매과목 40점 이상인 자 중에서 선발예정인원의 범위 안에서 전과목 총득점의 고득점자순으로 합격자를 결정한다. <개정 2014.7.28.>③ 제2항 단서 및 제5항의 규정에 따라 합격자를 결정함에 있어서 동점자로 인하여 선발예정인원을 초과하는 경우에는 그 동점자 모두를 합격자로 한다.④ 시험시행기관장은 응시생의 형평성 확보 등을 위하여 필요하다고 인정하는 경우에는 심의위원회의 의결을 거쳐 최소선발인원 또는 응시자 대비 최소선발비율을 미리 공고할 수 있다. <개정 2014.7.28.>⑤ 제4항의 규정에 따라 최소선발인원 또는 최소선발비율을 공고한 경우 제2차시험에서 매과목 40점 이상, 전과목 평균 60점 이상 득점한 자가 최소선발인원 또는 최소선발비율에 미달되는 경우에는 매과목 40점 이상인 자 중에서 최소선발인원 또는 최소선발비율의 범위 안에서 전과목 총득점의 고득점자순으로 합격자를 결정한다."
"Article 11 (Payment of Examination Allowances, etc.)","The members preparing examination papers and persons engaged in examination execution duties, etc. may be paid allowances and travel expenses within budget's limit.",제11조(시험수당 등의 지급),출제위원 및 시험시행업무 등에 종사하는 자에 대하여는 예산의 범위 안에서 수당 및 여비를 지급할 수 있다.
"Article 12 Deleted. <by Presidential Decree No. 23086, Aug. 19, 2011>",,제12조 삭제 <2011.8.19.>,
"CHAPTER III BROKERAGE BUSINESS, ETC.",,제3장 중개업 등,
"Article 13 (Standards, etc. for Registration of Establishment of Brokerage Offices)","(1) Standards for registering the establishment of brokerage offices pursuant to Article 9 (3) of the Act shall be as follows: Provided, That the following standards shall not apply where the real estate brokerage business is permitted under other Acts: <Amended by Presidential Decree No. 21001, Sep. 10, 2008; Presidential Decree No. 21609, Jul. 1, 2009; Presidential Decree No. 22711, Mar. 15, 2011; Presidential Decree No. 23086, Aug. 19, 2011; Presidential Decree No. 25652, Oct. 14, 2014; Presidential Decree No. 26892, Jan. 12, 2016>1. Where a licensed real estate agent intends to establish a brokerage office:(a) He/she shall have completed the in-service education under Article 34 (1) of the Act;(b) He/she shall secure a brokerage office (the right of using shall be secured by means of ownership, a lease on a deposit basis, a lease, a loan for use, etc.) in a building (including buildings which have undergone a completion inspection, obtained the authorization on completion or approval on the use, or have undergone the inspection for the use, etc. before they are registered on the building ledger; hereinafter the same shall apply) registered on the building ledger (excluding the register of temporary buildings referred to in Article 20 (5) of the Building Act; hereinafter the same shall apply);2. Where a corporation intends to establish a brokerage office:(a) It shall be a company under the Commercial Act or cooperatives under subparagraph 1 of Article 2 of the Framework Act on Cooperatives (excluding social cooperatives under subparagraph 3 of the same Article), the paid-in capital of which is 50 million won or more;(b) It shall be incorporated only to conduct any business prescribed in Article 14 of the Act;(c) Its representative shall be a licensed real estate agent, and at least 1/3 of its executives or employees (referring to the employees with unlimited liability of an unlimited partnership company or limited partnership company; hereafter in this Article the same shall apply) excluding its representative shall be licensed real estate agents;(d) Its representative, all of its executives or employees, and the person in charge of its branch office (limited to cases where a branch office is to be established pursuant to Article 13 (3) of the Act) shall complete in-service education under Article 34 (1) of the Act;(e) It shall have a brokerage office in a building registered on the building ledger (the right of using shall be secured by means of ownership, a lease on a deposit basis, a lease, a loan for use, etc.).(2) The head of a Si (referring to the head of a Si in which no Gu is established and the head of an administrative city in the Special Self-Governing Province; hereinafter the same shall apply)/Gun/Gu (hereinafter referred to as ""registration authority"") shall grant the registration of the establishment of a brokerage office unless an application filed under Article 9 of the Act falls under any of the following cases: <Newly Inserted by Presidential Decree No. 23086, Aug. 19, 2011>1. Where a person who is neither a licensed real estate agent nor a corporation files an application for the registration of the establishment of a brokerage office; 2. Where the person who has filed an application for the registration of the establishment of a brokerage office falls under any subparagraph of Article 10 (1) of the Act;3. Where the application falls short of the standards for registering the establishment of brokerage offices under paragraph (1);4. Where the application violates the restrictions imposed under this Act or other statutes.",제13조(중개사무소 개설등록의 기준 등),"① 법 제9조제3항에 따른 중개사무소 개설등록의 기준은 다음 각 호와 같다. 다만, 다른 법률의 규정에 따라 부동산중개업을 할 수 있는 경우에는 다음 각 호의 기준을 적용하지 아니한다. <개정 2008.9.10., 2009.7.1., 2011.3.15., 2011.8.19., 2014.10.14., 2016.1.12.>1. 공인중개사가 중개사무소를 개설하고자 하는 경우가. 법 제34조제1항의 규정에 따른 실무교육을 받았을 것나. 건축물대장(「건축법」 제20조제5항에 따른 가설건축물대장은 제외한다. 이하 같다)에 기재된 건물(준공검사, 준공인가, 사용승인, 사용검사 등을 받은 건물로서 건축물대장에 기재되기 전의 건물을 포함한다. 이하 같다)에 중개사무소를 확보(소유ㆍ전세ㆍ임대차 또는 사용대차 등의 방법에 의하여 사용권을 확보하여야 한다)할 것2. 법인이 중개사무소를 개설하려는 경우가. 「상법」상 회사 또는 「협동조합 기본법」 제2조제1호에 따른 협동조합(같은 조 제3호에 따른 사회적협동조합은 제외한다)으로서 자본금이 5천만원 이상일 것나. 법 제14조에 규정된 업무만을 영위할 목적으로 설립된 법인일 것다. 대표자는 공인중개사이어야 하며, 대표자를 제외한 임원 또는 사원(합명회사 또는 합자회사의 무한책임사원을 말한다. 이하 이 조에서 같다)의 3분의 1 이상은 공인중개사일 것라. 대표자, 임원 또는 사원 전원 및 분사무소의 책임자(법 제13조제3항에 따라 분사무소를 설치하려는 경우에만 해당한다)가 법 제34조제1항에 따른 실무교육을 받았을 것마. 건축물대장에 기재된 건물에 중개사무소를 확보(소유ㆍ전세ㆍ임대차 또는 사용대차 등의 방법에 의하여 사용권을 확보하여야 한다)할 것② 시장(구가 설치되지 아니한 시의 시장과 특별자치도의 행정시장을 말한다. 이하 같다)ㆍ군수 또는 구청장(이하 ""등록관청""이라 한다)은 법 제9조에 따른 개설등록 신청이 다음 각 호의 어느 하나에 해당하는 경우를 제외하고는 개설등록을 해 주어야 한다. <신설 2011.8.19.>1. 공인중개사 또는 법인이 아닌 자가 중개사무소의 개설등록을 신청한 경우2. 중개사무소의 개설등록을 신청한 자가 법 제10조제1항 각 호의 어느 하나에 해당하는 경우3. 제1항의 개설등록 기준에 적합하지 아니한 경우4. 그 밖에 이 법 또는 다른 법령에 따른 제한에 위반되는 경우"
"Article 14 (Notification of Registered Matters, etc.)","In any of the following cases, the registration authority shall notify the Real Estate Brokers Association under Article 41 of the Act of the fact, as prescribed by Ordinance of the Ministry of Land, Infrastructure and Transport: <Amended by Presidential Decree No. 20722, Feb. 29, 2008; Presidential Decree No. 21001, Sep. 10, 2008; Presidential Decree No. 23086, Aug. 19, 2011; Presidential Decree No. 24443, Mar. 23, 2013; Presidential Decree No. 25522, Jul. 28, 2014>1. Where it issues a registration certificate of a brokerage office pursuant to Article 11 (1) of the Act;2. Where it receives a report under Article 13 (3), 20 (1) or 21 (1) of the Act;3. Where it receives a report on the employment of or termination of employment relationship with an affiliated licensed real estate agent or a brokerage assistant under Article 15 (1) of the Act; 4. Where it takes an administrative disposition under Article 38 or 39 of the Act.",제14조(등록사항 등의 통보),"등록관청은 다음 각 호의 어느 하나에 해당하는 때에는 그 사실을 국토교통부령이 정하는 바에 따라 법 제41조에 따른 공인중개사협회에 통보하여야 한다. <개정 2008.2.29., 2008.9.10., 2011.8.19., 2013.3.23., 2014.7.28.>1. 법 제11조제1항의 규정에 따라 중개사무소등록증을 교부한 때2. 법 제13조제3항ㆍ법 제20조제1항 또는 법 제21조제1항의 규정에 따른 신고를 받은 때3. 법 제15조제1항에 따라 소속공인중개사 또는 중개보조원의 고용이나 고용관계 종료의 신고를 받은 때4. 법 제38조 또는 법 제39조에 따른 행정처분을 한 때"
Article 15 (Establishment of Branch Offices),"(1) Branch offices under Article 13 (3) of the Act shall be established in each Si (referring to a Si in which no Gu is established and an administrative city in the Special Self-Governing Province; hereafter the same shall apply in this Article)/Gun/Gu, with the exception of the Si/Gun/Gu in which the main office is located, but the number of branch offices in each Si/Gun/Gu shall not exceed one. <Amended by Presidential Decree No. 21001, Sep. 10, 2008>(2) The branch offices under paragraph (1) shall have a licensed real estate agent as the person in charge: Provided, That this shall not apply to any branch office of a corporation permitted to engage in brokerage business under other Acts.(3) Any person who intends to file a report on the establishment of a branch office pursuant to Article 13 (3) of the Act shall submit to the registration authority that has jurisdiction over the location of the main office, a report on the establishment of a branch office determined by Ordinance of the Ministry of Land, Infrastructure and Transport, along with the following documents. In such cases, the registration authority shall request the Mayor/Do Governor who has issued the certificate of a licensed real estate agent's qualification under Article 5 (2) of the Act to verify the qualification of the licensed real estate agent of the person in charge of the branch office, and shall verify the corporation registration certificate through the sharing of administrative information provided in Article 36 (1) of the Electronic Government Act: <Amended by Presidential Decree No. 19507, Jun. 12, 2006; Presidential Decree No. 20722, Feb. 29, 2008; Presidential Decree No. 21001, Sep. 10, 2008; Presidential Decree No. 22151, May 4, 2010; Presidential Decree No. 22467, Nov. 2, 2010; Presidential Decree No. 22711, Mar. 15, 2011; Presidential Decree No. 23918, Jun. 29, 2012; Presidential Decree No. 24443, Mar. 23, 2013>1. Deleted; <by Presidential Decree No. 23918, Jun. 29, 2012>2. Deleted; <by Presidential Decree No. 19507, Jun. 12, 2006>3. A copy of a certificate of in-service education undergone by the person in charge of the branch office under Article 34 (1) of the Act;4. A document attesting the establishment of guarantee under Article 25;5. A document attesting the fact that the branch office is secured in a building entered on the building ledger (the right of using shall be secured by means of ownership, a lease on a deposit basis, a lease, a loan for use, etc.): Provided, That if the branch office is secured in a building which is not entered on the building ledger, a document stating the reason for the delay in entering the building on the building ledger shall also be submitted.",제15조(분사무소의 설치),"① 법 제13조제3항에 따른 분사무소는 주된 사무소의 소재지가 속한 시(구가 설치되지 아니한 시와 특별자치도의 행정시를 말한다. 이하 이 조에서 같다)ㆍ군ㆍ구를 제외한 시ㆍ군ㆍ구별로 설치하되, 시ㆍ군ㆍ구별로 1개소를 초과할 수 없다. <개정 2008.9.10.>② 제1항의 규정에 따른 분사무소에는 공인중개사를 책임자로 두어야 한다. 다만, 다른 법률의 규정에 따라 중개업을 할 수 있는 법인의 분사무소인 경우에는 그러하지 아니하다.③ 법 제13조제3항에 따라 분사무소의 설치신고를 하려는 자는 국토교통부령으로 정하는 분사무소설치신고서에 다음 각 호의 서류를 첨부하여 주된 사무소의 소재지를 관할하는 등록관청에 제출하여야 한다. 이 경우 등록관청은 법 제5조제2항에 따라 공인중개사 자격증을 발급한 시ㆍ도지사에게 분사무소 책임자의 공인중개사 자격 확인을 요청하여야 하고, 「전자정부법」 제36조제1항에 따른 행정정보의 공동이용을 통하여 법인 등기사항증명서를 확인하여야 한다. <개정 2006.6.12., 2008.2.29., 2008.9.10., 2010.5.4., 2010.11.2., 2011.3.15., 2012.6.29., 2013.3.23.>1. 삭제 <2012.6.29.>2. 삭제 <2006.6.12.>3. 분사무소 책임자의 법 제34조제1항의 규정에 따른 실무교육의 수료확인증 사본4. 제25조의 규정에 따른 보증의 설정을 증명할 수 있는 서류5. 건축물대장에 기재된 건물에 분사무소를 확보(소유ㆍ전세ㆍ임대차 또는 사용대차 등의 방법에 의하여 사용권을 확보하여야 한다)하였음을 증명하는 서류. 다만, 건축물대장에 기재되지 아니한 건물에 분사무소를 확보하였을 경우에는 건축물대장 기재가 지연되는 사유를 적은 서류도 함께 내야 한다."
Article 16 (Joint Use of Brokerage Offices),"(1) A practicing licensed real estate agent who intends to jointly use a brokerage office pursuant to the main sentence of Article 13 (6) of the Act shall attach a written consent from the other practicing licensed real estate agent entitled to use the brokerage office when he/she files for registration of the opening of his/her brokerage office under Article 9 of the Act or a report on the relocation of his/her brokerage office under Article 20 of the Act. <Amended by Presidential Decree No. 24912, Dec. 4, 2013; Presidential Decree No. 25522, Jul. 28, 2014>(2) No practicing licensed real estate agent in a period of business suspension under Article 39 of the Act shall use a brokerage office jointly with another practicing licensed real estate agent in any of the following ways, pursuant to the proviso to Article 13 (6) of the Act: <Newly Inserted by Presidential Decree No. 24912, Dec. 4, 2013; Presidential Decree No. 25522, Jul. 28, 2014>1. Issuing a written consent referred to in paragraph (1) by a practising licensed real estate agent in a period of business suspension under Article 39 of the Act to another practising licensed real estate agent for joint use of a brokerage office: Provided, That a practising licensed real estate agent who has been using the brokerage office jointly with the practising licensed real estate agent in a period of business suspension under Article 39 of the Act even before the latter receives a disposition of business suspension shall be excluded therefrom;2. Reporting on the relocation of the brokerage office by a practising licensed real estate agent in a period of business suspension under Article 39 of the Act to jointly use a brokerage office of another practicing licensed real estate agent.",제16조(중개사무소의 공동사용),"① 법 제13조제6항 본문에 따라 중개사무소를 공동으로 사용하려는 개업공인중개사는 법 제9조에 따른 중개사무소의 개설등록 또는 법 제20조에 따른 중개사무소의 이전신고를 하는 때에 그 중개사무소를 사용할 권리가 있는 다른 개업공인중개사의 승낙서를 첨부하여야 한다. <개정 2013.12.4., 2014.7.28.>② 법 제39조에 따른 업무의 정지기간 중에 있는 개업공인중개사는 법 제13조제6항 단서에 따라 다음 각 호의 어느 하나에 해당하는 방법으로 다른 개업공인중개사와 중개사무소를 공동으로 사용할 수 없다. <신설 2013.12.4., 2014.7.28.>1. 법 제39조에 따른 업무의 정지기간 중에 있는 개업공인중개사가 다른 개업공인중개사에게 중개사무소의 공동사용을 위하여 제1항에 따른 승낙서를 주는 방법. 다만, 법 제39조에 따른 업무의 정지기간 중에 있는 개업공인중개사가 영업정지 처분을 받기 전부터 중개사무소를 공동사용 중인 다른 개업공인중개사는 제외한다.2. 법 제39조에 따른 업무의 정지기간 중에 있는 개업공인중개사가 다른 개업공인중개사의 중개사무소를 공동으로 사용하기 위하여 중개사무소의 이전신고를 하는 방법"
Article 17 (Business of Practicing Corporate Real Estate Agent),"(1) Deleted. <by Presidential Decree No. 21609, Jul. 1, 2009>(2) ""Other business prescribed by Presidential Decree"" referred to in Article 14 (1) 5 of the Act means the brokerage of services attended with relocation of residence such as papering and the introduction of moving companies in compliance with a request by the client.",제17조(법인인 개업공인중개사의 업무),"① 삭제 <2009.7.1.>② 법 제14조제1항제5호에서 ""대통령령이 정하는 업무""라 함은 중개의뢰인의 의뢰에 따른 도배ㆍ이사업체의 소개 등 주거이전에 부수되는 용역의 알선을 말한다.[제목개정 2014.7.28.]"
Article 17-2 (Labeling and Advertising of Objects of Brokerage),"""Matters prescribed by Presidential Decree"" in Article 18-2 (1) of the Act means the following: <Amended by Presidential Decree No. 25522, Jul. 28, 2014>1. Title, location, and contact information of a brokerage office;2. Name of the practicing licensed real estate agent (referring to the name of the representative, in the case of a corporation).[This Article Newly Inserted by Presidential Decree No. 24912, Dec. 4, 2013] ",제17조의2(중개대상물의 표시ㆍ광고),"법 제18조의2제1항에서 ""대통령령으로 정하는 사항""이란 다음 각 호의 사항을 말한다. <개정 2014.7.28.>1. 중개사무소의 명칭, 소재지 및 연락처2. 개업공인중개사의 성명(법인인 경우에는 대표자의 성명)[본조신설 2013.12.4.]"
"Article 18 (Report, etc. on Suspension or Closure of Business)","(1) Where a practicing licensed real estate agent intends to suspend his/her business (including the cases where the broker fails to commence his/her business after registering the establishment of the brokerage office; hereinafter the same shall apply) in excess of three months, to discontinue his/her business, to resume the suspended business, or to change the period of business suspension pursuant to Article 21 (1) of the Act, he/she shall submit in advance to the registration authority the report (including reporting by means of any electronic document in the case of resumption of real estate brokerage business or alteration of the period of business suspension) prescribed by Ordinance of the Ministry of Land, Infrastructure and Transport, accompanied by a registration certificate of his/her brokerage office (limited to the cases of suspension or closure of business). The same shall also apply with respect to the branch offices of a practicing corporate real estate agent. <Amended by Presidential Decree No. 20722, Feb. 29, 2008; Presidential Decree No. 24443, Mar. 23, 2013; Presidential Decree No. 25522, Jul. 28, 2014>(2) The registration authority which has received a report on resumption of real estate brokerage business under paragraph (1) shall without delay give back the returned registration certificate of brokerage office.(3) The term ""inevitable grounds prescribed by Presidential Decree"" in Article 21 (2) of the Act means any of the following:1. Convalescence following diseases;2. Enlistment by conscription;3. School attendance; 4. Other inevitable causes equivalent to the ones referred to in subparagraphs 1 through 3.",제18조(휴업 또는 폐업의 신고 등),"① 개업공인중개사는 법 제21조제1항의 규정에 따라 3월을 초과하는 휴업(중개사무소의 개설등록 후 업무를 개시하지 아니하는 경우를 포함한다. 이하 같다), 폐업, 휴업한 중개업의 재개 또는 휴업기간의 변경을 하고자 하는 때에는 국토교통부령이 정하는 신고서에 중개사무소등록증을 첨부(휴업 또는 폐업의 경우에 한한다)하여 등록관청에 미리 신고(부동산중개업재개ㆍ휴업기간 변경신고의 경우에는 전자문서에 의한 신고를 포함한다)하여야 한다. 법인인 개업공인중개사의 분사무소의 경우에도 또한 같다. <개정 2008.2.29., 2013.3.23., 2014.7.28.>② 제1항의 규정에 따른 중개사무소재개신고를 받은 등록관청은 반납을 받은 중개사무소등록증을 즉시 반환하여야 한다.③ 법 제21조제2항에서 ""대통령령이 정하는 부득이한 사유""라 함은 다음 각 호의 어느 하나에 해당하는 사유를 말한다.1. 질병으로 인한 요양2. 징집으로 인한 입영3. 취학4. 그 밖에 제1호 내지 제3호에 준하는 부득이한 사유"
Article 19 (General Brokerage Contract),"The Minister of Land, Infrastructure and Transport may prescribe a standard form of the general brokerage contract under Article 22 of the Act and encourage the use of such form. <Amended by Presidential Decree No. 20722, Feb. 29, 2008; Presidential Decree No. 24443, Mar. 23, 2013>",제19조(일반중개계약),"국토교통부장관은 법 제22조의 규정에 따른 일반중개계약의 표준이 되는 서식을 정하여 그 사용을 권장할 수 있다. <개정 2008.2.29., 2013.3.23.>"
Article 20 (Exclusive Brokerage Contract),"(1) The term of validity of the exclusive brokerage contract under Article 23 (1) of the Act shall be 3 months: Provided, That where there is another arrangement between the parties concerned, the term of validity shall be in accordance with such an arrangement.(2) The details of information relating to the object of brokerage to be disclosed by the practicing licensed real estate agent who concludes the exclusive brokerage contract concerned pursuant to Article 23 (3) of the Act shall be as follows: <Amended by Presidential Decree No. 25522, Jul. 28, 2014>1. Matters necessary for specifying the object of brokerage concerned such as the type, location, land category, area of the object, the use, structure, and year of construction of the building concerned;2. Conditions of wall surfaces and papering;3. Conditions of water service, electricity, gas, fire fighting, heat supply elevator equipment, sewage, wastewater and waste treatment facilities, etc.;4. Conditions of location such as linking to roads and public means of transportation, distance to markets and schools, topography, and such other environmental conditions as sunshine, noise, vibrations;5. Matters relating to the legal relationship of the object of brokerage concerned such as ownership, lease on a deposit basis, mortgage, surface right, right of lease: Provided, That information with respect to the personal matters of each rightful person such as domicile, name, etc. shall not be made public;6. Matters relating to the restrictions on use and transaction regulations under public law;7. The expected transaction price and the officially assessed land price of the object of brokerage concerned: Provided, That in the case of a lease, the officially assessed land price need not be made public.",제20조(전속중개계약),"① 법 제23조제1항의 규정에 따른 전속중개계약의 유효기간은 3월로 한다. 다만, 당사자간에 다른 약정이 있는 경우에는 그 약정에 따른다.② 전속중개계약을 체결한 개업공인중개사가 법 제23조제3항의 규정에 따라 공개하여야 할 중개대상물에 관한 정보의 내용은 다음 각 호와 같다. <개정 2014.7.28.>1. 중개대상물의 종류, 소재지, 지목 및 면적, 건축물의 용도ㆍ구조 및 건축연도 등 중개대상물을 특정하기 위하여 필요한 사항2. 벽면 및 도배의 상태3. 수도ㆍ전기ㆍ가스ㆍ소방ㆍ열공급ㆍ승강기 설비, 오수ㆍ폐수ㆍ쓰레기 처리시설 등의 상태4. 도로 및 대중교통수단과의 연계성, 시장ㆍ학교 등과의 근접성, 지형 등 입지조건, 일조(日照)ㆍ소음ㆍ진동 등 환경조건5. 소유권ㆍ전세권ㆍ저당권ㆍ지상권 및 임차권 등 중개대상물의 권리관계에 관한 사항. 다만, 각 권리자의 주소ㆍ성명 등 인적 사항에 관한 정보는 공개하여서는 아니 된다.6. 공법상의 이용제한 및 거래규제에 관한 사항7. 중개대상물의 거래예정금액 및 공시지가. 다만, 임대차의 경우에는 공시지가를 공개하지 아니할 수 있다."
Article 21 (Confirmation and Explanation of Object of Brokerage),"(1) Matters which a practicing licensed real estate agent shall confirm and explain pursuant to Article 25 (1) of the Act shall be as follows: <Amended by Presidential Decree No. 25522, Jul. 28, 2014>1. Basic matters relating to the object of brokerage concerned such as the type, location, lot number, land category, area, use, structure, year of construction;2. Matters relating to the legal relationship of the object of brokerage concerned such as ownership, lease on a deposit basis, mortgage, surface right, right of lease;3. The expected transaction price, and the amount and details of calculation of brokerage compensation and other actual expenditure;4. Matters relating to the land use planning and the transaction regulations and restrictions on use under public law;5. Conditions of water service, electricity, gas, fire fighting, heat supply, elevator, drainage facilities, etc.;6. Conditions of wall surfaces and papering;7. Environmental conditions such as sunshine, noise, vibrations;8. Conditions of location such as linking to roads and public means of transportation, distance to markets and schools;9. The items and rates of taxes which must be borne in accordance with the acquiring of rights relating to the object of brokerage concerned.(2) Where either a client of a sale object of brokerage or a client of a rent, etc. fails to comply with a request for submission of materials concerning the conditions of the object of brokerage under Article 25 (2) of the Act, the practicing licensed real estate agent shall explain such fact to the other party, etc. to such transaction and enter it in a confirmation and explanatory note of the object of brokerage referred to in paragraph (3). <Amended by Presidential Decree No. 25522, Jul. 28, 2014>(3) The practicing licensed real estate agent shall enter the matters described in subparagraphs of paragraph (1) in a confirmation and explanatory note of the object of brokerage determined by Ordinance of the Ministry of Land, Infrastructure and Transport and deliver it to the parties to transaction, and also keep a copy thereof for three years. <Amended by Presidential Decree No. 20722, Feb. 29, 2008; Presidential Decree No. 24443, Mar. 23, 2013; Presidential Decree No. 25522, Jul. 28, 2014>",제21조(중개대상물의 확인ㆍ설명),"① 법 제25조제1항의 규정에 따라 개업공인중개사가 확인ㆍ설명하여야 하는 사항은 다음 각 호와 같다. <개정 2014.7.28.>1. 중개대상물의 종류ㆍ소재지ㆍ지번ㆍ지목ㆍ면적ㆍ용도ㆍ구조 및 건축연도 등 중개대상물에 관한 기본적인 사항2. 소유권ㆍ전세권ㆍ저당권ㆍ지상권 및 임차권 등 중개대상물의 권리관계에 관한 사항3. 거래예정금액ㆍ중개보수 및 실비의 금액과 그 산출내역4. 토지이용계획, 공법상의 거래규제 및 이용제한에 관한 사항5. 수도ㆍ전기ㆍ가스ㆍ소방ㆍ열공급ㆍ승강기 및 배수 등 시설물의 상태6. 벽면 및 도배의 상태7. 일조ㆍ소음ㆍ진동 등 환경조건8. 도로 및 대중교통수단과의 연계성, 시장ㆍ학교와의 근접성 등 입지조건9. 중개대상물에 대한 권리를 취득함에 따라 부담하여야 할 조세의 종류 및 세율② 개업공인중개사는 매도의뢰인ㆍ임대의뢰인 등이 법 제25조제2항의 규정에 따른 중개대상물의 상태에 관한 자료요구에 불응한 경우에는 그 사실을 매수의뢰인ㆍ임차의뢰인 등에게 설명하고, 제3항의 규정에 따른 중개대상물확인ㆍ설명서에 기재하여야 한다. <개정 2014.7.28.>③ 개업공인중개사는 국토교통부령이 정하는 중개대상물확인ㆍ설명서에 제1항 각 호의 사항을 기재하여 거래당사자에게 교부하고 그 사본을 3년간 보존하여야 한다. <개정 2008.2.29., 2013.3.23., 2014.7.28.>"
"Article 22 (Contract Document, etc.)","(1) A contract document referred to in Article 26 (1) of the Act shall include the following matters:1. Personal identities of parties to the transaction;2. Marking of the object;3. Date of the contract;4. Matters relating to payment, such as the transaction price and the amount of the contract deposit, and the date of payment thereof;5. Date and time of handing over of the object;6. Details of the transfer of the right concerned;7. Terms and conditions or time limit of the contract, if any;8. Date of delivery of the confirmation and explanatory note of the object of brokerage;9. Details of other stipulations.(2) The term ""period prescribed by Presidential Decree"" in Article 26 (1) of the Act means 5 years.(3) The Minister of Land, Infrastructure and Transport may determine a standard form of the contract document to be drawn up by any practicing licensed real estate agent and encourage the use of such form. <Amended by Presidential Decree No. 20722, Feb. 29, 2008; Presidential Decree No. 24443, Mar. 23, 2013; Presidential Decree No. 25522, Jul. 28, 2014>",제22조(거래계약서 등),"① 법 제26조제1항의 규정에 따른 거래계약서에는 다음 각 호의 사항을 기재하여야 한다.1. 거래당사자의 인적 사항2. 물건의 표시3. 계약일4. 거래금액ㆍ계약금액 및 그 지급일자 등 지급에 관한 사항5. 물건의 인도일시6. 권리이전의 내용7. 계약의 조건이나 기한이 있는 경우에는 그 조건 또는 기한8. 중개대상물확인ㆍ설명서 교부일자9. 그 밖의 약정내용② 법 제26조제1항에서 ""대통령령이 정하는 기간""이라 함은 5년을 말한다.③ 국토교통부장관은 개업공인중개사가 작성하는 거래계약서의 표준이 되는 서식을 정하여 그 사용을 권장할 수 있다. <개정 2008.2.29., 2013.3.23., 2014.7.28.>"
"Articles 23 through 23-3 Deleted. <by Presidential Decree No. 25522, Jul. 28, 2014>",,제23조 삭제 <2014.7.28.>,
,,제23조의2 삭제 <2014.7.28.>,
,,제23조의3 삭제 <2014.7.28.>,
Article 24 (Guarantee for Damage Compensation Liability),"(1) A practicing licensed real estate agent shall subscribe to a guarantee insurance or a mutual aid or make a deposit to guarantee an amount provided for in any of the following subparagraphs pursuant to Article 30 (3) of the Act: <Amended by Presidential Decree No. 21001, Sep. 10, 2008; Presidential Decree No. 25522, Jul. 28, 2014>1. A practicing corporate real estate agent: At least 200 million won: Provided, That where branch offices are established, at least 100 million won shall be added for each such branch office;2. A practicing licensed real estate agent who is not a juristic person: At least 100 million won.(2) Where a practicing licensed real estate agent completes a registration of the establishment of a brokerage office, he/she shall take measures to ensure liability to compensate for damages (hereafter referred to in this Article and Article 25 as ""guarantee"") under paragraph (1) prior to commencement of his/her business, and then file a report thereon with the registration authority concerned, along with the documentary evidence: Provided, That the report may be exempted where a guarantee insurance company, a mutual aid project operator, or a depository (hereinafter referred to as ""guarantee agency"") notifies directly the registration authority of the fact of guarantee. <Amended by Presidential Decree No. 25522, Jul. 28, 2014>(3) Where a local agricultural cooperative operates a real estate brokerage business pursuant to Articles 12 (1) and 57 (1) 2 (f) of the Agricultural Cooperatives Act, it shall, prior to commencement of such business, set up a guarantee of ten million won or more to a guarantee agency and make a report thereon to the registration authority, along with the documentary evidence.",제24조(손해배상책임의 보장),"① 개업공인중개사는 법 제30조제3항에 따라 다음 각 호에 해당하는 금액을 보장하는 보증보험 또는 공제에 가입하거나 공탁을 하여야 한다. <개정 2008.9.10., 2014.7.28.>1. 법인인 개업공인중개사 : 2억원 이상. 다만, 분사무소를 두는 경우에는 분사무소마다 1억원 이상을 추가로 설정하여야 한다.2. 법인이 아닌 개업공인중개사 : 1억원 이상② 개업공인중개사는 중개사무소 개설등록을 한 때에는 업무를 시작하기 전에 제1항의 규정에 따른 손해배상책임을 보장하기 위한 조치(이하 이 조 및 제25조에서 ""보증""이라 한다)를 한 후 그 증명서류를 갖추어 등록관청에 신고하여야 한다. 다만, 보증보험회사ㆍ공제사업자 또는 공탁기관(이하 ""보증기관""이라 한다)이 보증사실을 등록관청에 직접 통보한 경우에는 신고를 생략할 수 있다. <개정 2014.7.28.>③ 「농업협동조합법」 제12조제1항 및 동법 제57조제1항제2호 바목의 규정에 따라 지역농업협동조합이 부동산중개업을 하는 때에는 중개업무를 개시하기 전에 보장금액 1천만원 이상의 보증을 보증기관에 설정하고 그 증명서류를 갖추어 등록관청에 신고하여야 한다."
Article 25 (Change of Guarantee),"(1) Where a practicing licensed real estate agent who sets up a guarantee pursuant to Article 24 desires to change such guarantee to another guarantee, he/she shall, during the period in which the already set-up guarantee is still valid, set up another guarantee and make a report thereon to the registration authority, along with the documentary evidence. <Amended by Presidential Decree No. 25522, Jul. 28, 2014>(2) A person who, as a practicing licensed real estate agent subscribed to a guarantee insurance or a mutual aid desires to reset the guarantee on the grounds of the expiration of the period of the guarantee shall, before the expiration of the period of the guarantee, reset the guarantee and make a report thereon to the registration authority, along with the documentary evidence. <Amended by Presidential Decree No. 25522, Jul. 28, 2014>(3) The proviso to Article 24 (2) shall apply mutatis mutandis to a report under paragraph (1) or (2).",제25조(보증의 변경),① 제24조의 규정에 따라 보증을 설정한 개업공인중개사는 그 보증을 다른 보증으로 변경하고자 하는 경우에는 이미 설정한 보증의 효력이 있는 기간 중에 다른 보증을 설정하고 그 증명서류를 갖추어 등록관청에 신고하여야 한다. <개정 2014.7.28.>② 보증보험 또는 공제에 가입한 개업공인중개사로서 보증기간이 만료되어 다시 보증을 설정하고자 하는 자는 그 보증기간 만료일까지 다시 보증을 설정하고 그 증명서류를 갖추어 등록관청에 신고하여야 한다. <개정 2014.7.28.>③ 제24조제2항 단서의 규정은 제1항 또는 제2항의 규정에 따른 신고에 관하여 이를 준용한다.
"Article 26 (Payment, etc. of Guaranteed Insurance)","(1) Where a brokerage client desires to receive the guaranteed insurance, the mutual aid money, or the deposit money as a damage compensation, he/she shall request a guarantee agency to pay it by accompanying the written agreement between the client and the practicing licensed real estate agent concerning the damages, the protocol of in-court settlement, or a copy of the court's final and conclusive judgement or other documents corresponding thereto. <Amended by Presidential Decree No. 25522, Jul. 28, 2014>(2) When damages have been compensated through the guaranteed insurance, mutual aid money, or deposit money, the practicing licensed real estate agent shall either resubscribe to a guarantee insurance or a mutual aid, or cover the deficiency of the deposit money, within fifteen days. <Amended by Presidential Decree No. 25522, Jul. 28, 2014>",제26조(보증보험금의 지급 등),① 중개의뢰인이 손해배상금으로 보증보험금ㆍ공제금 또는 공탁금을 지급받고자 하는 경우에는 그 중개의뢰인과 개업공인중개사간의 손해배상합의서ㆍ화해조서 또는 확정된 법원의 판결문 사본 그 밖에 이에 준하는 효력이 있는 서류를 첨부하여 보증기관에 손해배상금의 지급을 청구하여야 한다. <개정 2014.7.28.>② 개업공인중개사는 보증보험금ㆍ공제금 또는 공탁금으로 손해배상을 한 때에는 15일 이내에 보증보험 또는 공제에 다시 가입하거나 공탁금 중 부족하게 된 금액을 보전하여야 한다. <개정 2014.7.28.>
"Article 27 (Deposit, Management, etc. of Contract Deposit, etc.)","(1) ""Any other person prescribed by Presidential Decree"" in Article 31 (1) of the Act means the following persons: <Amended by Presidential Decree No. 20947, Jul. 29, 2008; Presidential Decree No. 22493, Nov. 15, 2010>1. A bank under the Banking Act;2. An insurance company under the Insurance Business Act;3. A truster under the Financial Investment Services and Capital Markets Act;4. A postal agency under the Postal Savings and Insurance Act;5. A person who operates a mutual aid project under Article 42 of the Act;6. A company which specializes in the management of any contract deposit, intermediate payment or other remaining sum (hereafter referred to as ""contract deposit, etc."" in this Article) and other contract-related documents for the purposes of ensuring the fulfillment of real estate transaction contracts.(2) Where a party to transaction requests a practicing licensed real estate agent to deposit a contract deposit, etc. in a financial institution, etc. under the name of the broker under Article 31 (1) of the Act, the practicing licensed real estate agent shall enter into an agreement with the party to transaction about the method of giving the consent of the party to transaction to the withdrawal of the contract deposit, etc. due to the complete fulfillment or cancellation, etc. of the contract, the actual expense involved in the repayment guarantee of the contract deposit, etc. under Article 32 (3) of the Act, and other matters necessary to ensure the safety of transaction. <Amended by Presidential Decree No. 25522, Jul. 28, 2014>(3) Where a practicing licensed real estate agent deposits a contract deposit, etc. regarding a transaction contract in a financial institution, etc. under his/her own name under paragraph (2), he/she shall manage it separately from his/her own deposits and shall not draw it without the consent of the party concerned. <Amended by Presidential Decree No. 25522, Jul. 28, 2014>(4) Where a practicing licensed real estate agent deposits a contract deposit, etc. in a financial institution, etc. under his/her own name under paragraph (2), he/she shall subscribe to a guarantee insurance or a mutual aid referred to in Article 42 of the Act or make a deposit necessary for guaranteeing an amount corresponding to the contract deposit, etc. so as to ensure the payment of the contract deposit, etc. to the party to transaction concerned, and shall issue to the party concerned a copy of the deed concerned or the electronic document thereon. <Amended by Presidential Decree No. 25522, Jul. 28, 2014>",제27조(계약금등의 예치ㆍ관리 등),"① 법 제31조제1항에서 ""대통령령이 정하는 자""라 함은 다음 각 호의 자를 말한다. <개정 2008.7.29., 2010.11.15.>1. 「은행법」에 따른 은행2. 「보험업법」에 따른 보험회사3. 「자본시장과 금융투자업에 관한 법률」에 따른 신탁업자4. 「우체국예금ㆍ보험에 관한 법률」에 따른 체신관서5. 법 제42조의 규정에 따라 공제사업을 하는 자6. 부동산 거래계약의 이행을 보장하기 위하여 계약금ㆍ중도금 또는 잔금(이하 이 조에서 ""계약금등""이라 한다) 및 계약 관련서류를 관리하는 업무를 수행하는 전문회사② 개업공인중개사는 거래당사자가 법 제31조제1항의 규정에 따라 계약금등을 개업공인중개사의 명의로 금융기관 등에 예치할 것을 의뢰하는 경우에는 계약이행의 완료 또는 계약해제 등의 사유로 인한 계약금등의 인출에 대한 거래당사자의 동의 방법, 법 제32조제3항의 규정에 따른 반환채무이행 보장에 소요되는 실비 그 밖에 거래안전을 위하여 필요한 사항을 약정하여야 한다. <개정 2014.7.28.>③ 개업공인중개사는 제2항의 규정에 따라 거래계약과 관련된 계약금등을 자기 명의로 금융기관 등에 예치하는 경우에는 자기 소유의 예치금과 분리하여 관리될 수 있도록 하여야 하며, 예치된 계약금등은 거래당사자의 동의 없이 인출하여서는 아니 된다. <개정 2014.7.28.>④ 개업공인중개사는 제2항의 규정에 따라 계약금등을 자기 명의로 금융기관 등에 예치하는 경우에는 그 계약금등을 거래당사자에게 지급할 것을 보장하기 위하여 예치대상이 되는 계약금등에 해당하는 금액을 보장하는 보증보험 또는 법 제42조의 규정에 따른 공제에 가입하거나 공탁을 하여야 하며, 거래당사자에게 관계증서의 사본을 교부하거나 관계증서에 관한 전자문서를 제공하여야 한다. <개정 2014.7.28.>"
Article 27-2 (Timing to Pay Brokerage Compensation),"The timing to pay brokerage compensation under Article 32 (3) of the Act shall be subject to agreement between the relevant practicing licensed real estate agent and his/her client; and where no agreement exists, it shall be the date the payment of the transaction price of the object of brokerage is made.[This Article Newly Inserted by Presidential Decree No. 25522, Jul. 28, 2014] ",제27조의2(중개보수의 지급시기),"법 제32조제3항에 따른 중개보수의 지급시기는 개업공인중개사와 중개의뢰인간의 약정에 따르되, 약정이 없을 때에는 중개대상물의 거래대금 지급이 완료된 날로 한다.[본조신설 2014.7.28.]"
"Article 28 (Education, etc. of Practicing Licensed Real Estate Agents)","(1) Curricula and hours of in-service education under Article 34 (1) and (2) of the Act shall be as follows: <Amended by Presidential Decree No. 25522, Jul. 28, 2014>1. Curricula of education: Knowledge of laws, real estate brokerage and management practices, professional ethics, etc. necessary to perform duties of a practicing licensed real estate agent and affiliated licensed real estate agent;2. Hours of education: At least 28, but not exceeding 32 hours.(2) Curricula and hours of job training under Article 34 (3) of the Act shall be as follows: 1. Curricula of education: Professional ethics, etc. necessary for a brokerage assistant to perform his/her duties;2. Hours of education: At least three, but not exceeding four hours.(3) Curricula and hours of training under Article 34 (4) of the Act shall be as follows: 1. Curricula of education: Changed matters in the laws and systems related to the real estate brokerage, practices of real estate brokerage and management, professional ethics, etc.; 2. Hours of education: At least 12, but not exceeding 16 hours.(4) In conducting training education under Article 34 (4) of the Act, a Mayor/Do Governor shall notify the persons subject to education of the date and time, place, contents of such training, etc. by not later than two months before two years elapse after receiving in-service education or training education. <Amended by Presidential Decree No. 25522, Jul. 28, 2014>(5) Guidelines for education under Article 34 (5) of the Act shall include the following:1. Objectives of education;2. Persons subject to education;3. Subjects and hours of education;4. Qualifications of instructors;5. Tuition fees;6. Educational management, such as registration for courses, confirmation of attendance or absence, assessment of education, and issuance of certificates of completion of education;7. Other standards and procedures necessary for conducting balanced education.[This Article Wholly Amended by Presidential Decree No. 25372, Jun. 3, 2014]",제28조(개업공인중개사 등의 교육 등),"① 법 제34조제1항 및 제2항에 따른 실무교육의 내용 및 시간은 다음 각 호와 같다. <개정 2014.7.28.>1. 교육내용: 개업공인중개사 및 소속공인중개사의 직무수행에 필요한 법률지식, 부동산 중개 및 경영 실무, 직업윤리 등2. 교육시간: 28시간 이상 32시간 이하② 법 제34조제3항에 따른 직무교육의 내용 및 시간은 다음 각 호와 같다.1. 교육내용: 중개보조원의 직무수행에 필요한 직업윤리 등2. 교육시간: 3시간 이상 4시간 이하③ 법 제34조제4항에 따른 연수교육의 내용 및 시간은 다음 각 호와 같다.1. 교육내용: 부동산중개 관련 법ㆍ제도의 변경사항, 부동산 중개 및 경영 실무, 직업윤리 등2. 교육시간: 12시간 이상 16시간 이하④ 시ㆍ도지사는 법 제34조제4항에 따른 연수교육을 실시하려는 경우 실무교육 또는 연수교육을 받은 후 2년이 되기 2개월 전까지 연수교육의 일시ㆍ장소ㆍ내용 등을 대상자에게 통지하여야 한다. <개정 2014.7.28.>⑤ 법 제34조제5항에 따른 교육지침에는 다음 각 호의 사항이 포함되어야 한다.1. 교육의 목적2. 교육대상3. 교육과목 및 교육시간4. 강사의 자격5. 수강료6. 수강신청, 출결(出缺) 확인, 교육평가, 교육수료증 발급 등 학사 운영 및 관리7. 그 밖에 균형있는 교육의 실시에 필요한 기준과 절차[전문개정 2014.6.3.][제목개정 2014.7.28.]"
"Article 28-2 (Subsidization of Expenses, etc. Incurred in Education of Practicing Licensed Real Estate Agents, etc.) ","(1) Expenses that may be subsidized for education of practicing licensed real estate agent for the prevention, etc. of real estate transaction incidents, etc. under Article 34-2 (1) of the Act shall be as follows:1. Expenses incurred in the installation of educational facilities and equipment;2. Expenses incurred in the development and supply of education materials;3. Expenses incurred in surveys and researches related to education;4. Instructor fee for conducting education.(2) In conducting education for prevention of real estate transaction incidents under Article 34-2 (2) of the Act to establish order in transaction of real estate and to prevent losses from real estate transaction incidents, the Minister of Land, Infrastructure and Transport, the Mayor/Do Governor or a registration authority shall publish or notify persons subject to education, of the date and time, venue, curricula of such training, and other matters necessary for the education, by not later than 10 days before the date of education. [This Article Newly Inserted by Presidential Decree No. 25522, Jul. 28, 2014]",제28조의2(개업공인중개사 등 교육비 지원 등),"① 법 제34조의2제1항에 따라 개업공인중개사 등에 대한 부동산거래사고 예방 등의 교육을 위하여 지원할 수 있는 비용은 다음 각 호와 같다.1. 교육시설 및 장비의 설치에 필요한 비용2. 교육자료의 개발 및 보급에 필요한 비용3. 교육 관련 조사 및 연구에 필요한 비용4. 교육 실시에 따른 강사비② 국토교통부장관, 시ㆍ도지사 및 등록관청은 부동산 거래질서를 확립하고, 부동산거래사고로 인한 피해를 방지하기 위하여 법 제34조의2제2항에 따른 부동산거래사고 예방을 위한 교육을 실시하려는 경우에는 교육일 10일 전까지 교육일시ㆍ교육장소 및 교육내용, 그 밖에 교육에 필요한 사항을 공고하거나 교육대상자에게 통지하여야 한다.[본조신설 2014.7.28.]"
CHAPTER IV DIRECTIONS AND SUPERVISION,,제4장 지도ㆍ감독,
Article 29 (Revocation or Suspension of Licensed Real Estate Agent's Qualification),"(1) Dispositions for the revocation or suspension of any licensed real estate agent's qualification under Article 35 or 36 of the Act shall be carried out by the Mayor/Do Governor who has delivered the certificate of qualification to the licensed real estate agent concerned (hereinafter referred to as ""certificate of qualification"").(2) Where the Mayor/Do Governor who has delivered the certificate of qualification is different from the Mayor/Do Governor who has jurisdiction over the location of the office of the licensed real estate agent concerned, the Mayor/Do Governor who exercises jurisdiction over the location of the office of the licensed real estate agent concerned shall implement all procedures necessary to take the disposition for the revocation or suspension of such qualification and then notify the Mayor/Do Governor who has delivered the certificate of qualification thereof.(3) When the Mayor/Do Governor makes a disposition for the revocation of a licensed real estate agent's qualification, he/she shall, within five days, report such fact to the Minister of Land, Infrastructure and Transport, and inform other Mayors/Do Governors. <Amended by Presidential Decree No. 20722, Feb. 29, 2008; Presidential Decree No. 24443, Mar. 23, 2013>",제29조(공인중개사의 자격취소 또는 자격정지),"① 법 제35조의 규정에 따른 공인중개사의 자격취소처분 및 법 제36조의 규정에 따른 자격정지처분은 그 공인중개사자격증(이하 ""자격증""이라 한다)을 교부한 시ㆍ도지사가 행한다.② 자격증을 교부한 시ㆍ도지사와 공인중개사 사무소의 소재지를 관할하는 시ㆍ도지사가 서로 다른 경우에는 공인중개사 사무소의 소재지를 관할하는 시ㆍ도지사가 자격취소처분 또는 자격정지처분에 필요한 절차를 모두 이행한 후 자격증을 교부한 시ㆍ도지사에게 통보하여야 한다.③ 시ㆍ도지사는 공인중개사의 자격취소처분을 한 때에는 5일 이내에 이를 국토교통부장관에게 보고하고 다른 시ㆍ도지사에게 통지하여야 한다. <개정 2008.2.29., 2013.3.23.>"
CHAPTER V REAL ESTATE BROKERS ASSOCIATION,,제5장 공인중개사협회,
Article 30 (Establishment of Association),"(1) When the establishment of a Real Estate Brokers Association (hereinafter referred to as the ""Association"") pursuant to Article 41 (1) of the Act is intended, promoters shall obtain authorization from the Minister of Land, Infrastructure and Transport to establish the Association after gaining consent on the articles of association, drawn up by them and with their signatures and seals affixed thereon, of a majority of 600 or more members present at the inaugural general meeting. <Amended by Presidential Decree No. 20722, Feb. 29, 2008; Presidential Decree No. 24443, Mar. 23, 2013>(2) One hundred or more members from the Seoul Special Metropolitan City and 20 or more members from each Metropolitan City/Do/Special Self-Governing Province shall participate in the inaugural general meeting under paragraph (1). <Amended by Presidential Decree No. 21001, Sep. 10, 2008>(3) Documents necessary for the application for authorization of the establishment of the Association shall be prescribed by Ordinance of the Ministry of Land, Infrastructure and Transport. <Amended by Presidential Decree No. 20722, Feb. 29, 2008; Presidential Decree No. 24443, Mar. 23, 2013>",제30조(협회의 설립),"① 법 제41조제1항의 규정에 따른 공인중개사협회(이하 ""협회""라 한다)를 설립하고자 하는 때에는 발기인이 작성하여 서명ㆍ날인한 정관에 대하여 회원 600인 이상이 출석한 창립총회에서 출석한 회원 과반수의 동의를 얻어 국토교통부장관의 설립인가를 받아야 한다. <개정 2008.2.29., 2013.3.23.>② 제1항에 따른 창립총회에는 서울특별시에서는 100인 이상, 광역시ㆍ도 및 특별자치도에서는 각각 20인 이상의 회원이 참여하여야 한다. <개정 2008.9.10.>③ 협회의 설립인가신청에 필요한 서류는 국토교통부령으로 정한다. <개정 2008.2.29., 2013.3.23.>"
Article 31 (Duties of Association),"In order to attain its purposes under Article 41 (1) of the Act, the Association may perform the duties in the following subparagraphs:1. Duties concerning the maintenance of dignity of the members;2. Duties concerning research and improvement of the real estate brokerage institution;3. Duties concerning guidance, education, and training for upgrading the quality of the members;4. Duties concerning the enactment of a code of ethics for the members and its practice;5. Duties concerning the provision of real estate information;6. Mutual aid projects pursuant to Article 42 of the Act; in this case, the mutual aid projects, as non-profit projects, shall be intended for mutual assistance among members;7. Other duties necessary for the attainment of the purpose of the Association's incorporation.",제31조(협회의 업무),협회는 법 제41조제1항의 규정에 따른 목적을 달성하기 위하여 다음 각 호의 업무를 수행할 수 있다.1. 회원의 품위유지를 위한 업무2. 부동산중개제도의 연구ㆍ개선에 관한 업무3. 회원의 자질향상을 위한 지도 및 교육ㆍ연수에 관한 업무4. 회원의 윤리헌장 제정 및 그 실천에 관한 업무5. 부동산 정보제공에 관한 업무6. 법 제42조의 규정에 따른 공제사업. 이 경우 공제사업은 비영리사업으로서 회원간의 상호부조를 목적으로 한다.7. 그 밖에 협회의 설립목적 달성을 위하여 필요한 업무
Article 32 (Reporting Duties of Association),"(1) The Association shall, without delay, report the details of the resolutions of the general meeting to the Minister of Land, Infrastructure and Transport. <Amended by Presidential Decree No. 20722, Feb. 29, 2008; Presidential Decree No. 24443, Mar. 23, 2013>(2) When the Association establishes its branch offices or sub-branches, it shall report its branch offices to Mayors/Do Governors, and its sub-branches to the registration authority.",제32조(협회의 보고의무),"① 협회는 총회의 의결내용을 지체 없이 국토교통부장관에게 보고하여야 한다. <개정 2008.2.29., 2013.3.23.>② 협회가 그 지부 또는 지회를 설치한 때에는 그 지부는 시ㆍ도지사에게, 지회는 등록관청에 신고하여야 한다."
Article 33 (Scope of Mutual Aid Project),"The scope of the mutual aid project operated by the Association pursuant to Article 42 (1) of the Act shall be as follows:1. Business activities to raise the mutual aid fund and pay mutual aid money necessary for guaranteeing liability for damage compensation as prescribed in Article 30 of the Act;2. Business activities incidental to the mutual aid project, which are prescribed by the mutual aid regulations.",제33조(공제사업의 범위),법 제42조제1항의 규정에 따라 협회가 할 수 있는 공제사업의 범위는 다음 각 호와 같다.1. 법 제30조의 규정에 따른 손해배상책임을 보장하기 위한 공제기금의 조성 및 공제금의 지급에 관한 사업2. 공제사업의 부대업무로서 공제규정으로 정하는 사업
Article 34 (Mutual Aid Regulations),"The mutual aid regulations under Article 42 (3) of the Act shall include the following matters:1. Details of mutual aid contract shall include the Association's liability for mutual aid; mutual aid money; mutual aid fees; the period of mutual aid; procedures for applying for and paying mutual aid money; the right to demand indemnity; subrogation right; the nullification of mutual aid contract; and other matters necessary for mutual aid contract. In this case, the mutual aid fees shall be determined in overall consideration of the occurrence rates of accidents subject to mutual aid, guarantee insurance premiums, etc.;2. Accounting standards shall be made in detail according to the purposes and accounting principles of each of the damage compensation fund and the welfare fund managed by the mutual aid project;3. Reserve ratio of liability reserve shall be determined in overall consideration of the occurrence rates of accidents subject to mutual aid, the amount of mutual aid money paid, etc., which must be at least 10/100 of the total amount of received mutual aid fees.",제34조(공제규정),"법 제42조제3항의 규정에 따라 공제규정에는 다음 각 호의 사항을 정하여야 한다.1. 공제계약의 내용 : 협회의 공제책임, 공제금, 공제료, 공제기간, 공제금의 청구와 지급절차, 구상 및 대위권, 공제계약의 실효 그 밖에 공제계약에 필요한 사항을 정한다. 이 경우 공제료는 공제사고 발생률, 보증보험료 등을 종합적으로 고려하여 결정한 금액으로 한다.2. 회계기준 : 공제사업을 손해배상기금과 복지기금으로 구분하여 각 기금별 목적 및 회계원칙에 부합되는 세부기준을 정한다.3. 책임준비금의 적립비율 : 공제사고 발생률 및 공제금 지급액 등을 종합적으로 고려하여 정하되, 공제료 수입액의 100분의 10이상으로 정한다."
Article 35 (Publication of Mutual Aid Project Operations),"The Association shall publish the matters in the following subparagraphs in a daily newspaper or a bulletin of the association organ and on its Internet homepage within three months after each fiscal year ends in accordance with Article 42 (5) of the Act: <Amended by Presidential Decree No. 21001, Sep. 10, 2008>1. Reports on the settlement of accounts, such as the summary balance sheet, statement of profit and loss, and audit and inspection report;2. Amounts of received mutual aid fees and paid mutual aid money, and the reserved amount of liability reserve;3. Other reference matters concerning operation of the mutual aid project.",제35조(공제사업 운용실적의 공시),"협회는 법 제42조제5항에 따라 다음 각 호의 사항을 매 회계연도 종료 후 3개월 이내에 일간신문 또는 협회보에 공시하고 협회의 인터넷 홈페이지에 게시하여야 한다. <개정 2008.9.10.>1. 결산서인 요약 대차대조표, 손익계산서 및 감사보고서2. 공제료 수입액, 공제금 지급액, 책임준비금 적립액3. 그 밖에 공제사업의 운용과 관련된 참고사항"
Article 35-2 (Operating Committee),"(1) The operating committee under Article 42-2 of the Act (hereinafter referred to as ""operating committee"") shall deliberate on the following matters related to mutual aid projects and supervise the execution thereof:1. Basic principles of establishment, operation, and management of project plans;2. Matters concerning budgeting and settlement of accounts;3. Matters concerning loans;4. Matters concerning the implementation of major budget items;5. Matters concerning the amendment of the terms and conditions of mutual aid and mutual aid regulations, and the enactment, amendment, and repeal of internal regulations related to mutual aid;6. Matters concerning the mutual aid fund, mutual aid entrance fees, mutual aid fees, and the rates thereof; 7. Matters prescribed by the articles of association;8. Other matters referred to a meeting as deemed necessary by the chairperson.(2) The operating committee shall be comprised of the following persons, in consideration of their gender. In such cases, the number of members who fall under subparagraphs 2 and 3 shall not exceed 1/3 of the total number of members:1. A person designated by the Minister of Land, Infrastructure and Transport from among public officials under his/her jurisdiction;2. The chairperson of the Association;3. Persons appointed by the board of directors of the Association from among executives of the Association;4. Any of the following persons commissioned after obtaining approval from the Minister of Land, Infrastructure and Transport following recommendation by the chairperson of the Association:(a) A person has majored in studies related to the fields of real estate law, accounting, finance, or insurance, and is serving or has served at a university, college or government-invested research institute as at least an associate professor or a senior researcher;(b) A person qualified as an attorney-at-law, certified public accountant, or licensed real estate agent;(c) A person who is serving or has served at the Financial Supervisory Service or a financial institution as an executive or higher;(d) A person with extensive knowledge on and experience in the affairs related to mutual aid associations and has served in the relevant affairs for at least five years;(e) A person who serves at a consumer organization registered under Article 29 of the Framework Act on Consumers or the Korea Consumer Agency under Article 33 of the same Act.(3) The term of office of a member under paragraph (2) 3 or 4 shall be two years and may be renewed only once, and the term of a supplementary member shall be the remainder of his/her predecessor's term of office. (4) The operating committee shall have one chairperson and one vice -chairperson, who shall be elected from among and by its members.(5) The chairperson of the operating committee shall convene and preside over meetings of the operating committee. (6) The vice-chairperson of the operating committee shall assist the chairperson, and if the chairperson is unable to perform any of his/her duties due to any extenuating circumstance the vice-chairperson shall act on behalf of the chairperson.(7) The resolution at a meeting of the operating committee shall require the attendance of a majority of all incumbent members and the consent of a majority of those present.(8) In order to manage the affairs of the operating committee, the operating committee shall have an administrative secretary and clerical staff, appointed by the chairperson from among the employees in charge of mutual aid of the Association.(9) The administrative secretary shall take minutes at each meeting, report them in the next meeting, and preserve them. (10) Matters necessary for the operation of the operating committee, other than those prescribed in paragraphs (1) through (9), shall be determined by the chairperson following deliberation by the operating committee.[This Article Newly Inserted by Presidential Decree No. 24912, Dec. 4, 2013] ",제35조의2(운영위원회),"① 법 제42조의2에 따른 운영위원회(이하 ""운영위원회""라 한다)는 공제사업에 관하여 다음 각 호의 사항을 심의하며 그 업무집행을 감독한다.1. 사업계획ㆍ운영 및 관리에 관한 기본 방침2. 예산 및 결산에 관한 사항3. 차입금에 관한 사항4. 주요 예산집행에 관한 사항5. 공제약관ㆍ공제규정의 변경과 공제와 관련된 내부규정의 제정ㆍ개정 및 폐지에 관한 사항6. 공제금, 공제가입금, 공제료 및 그 요율에 관한 사항7. 정관으로 정하는 사항8. 그 밖에 위원장이 필요하다고 인정하여 회의에 부치는 사항② 운영위원회는 성별을 고려하여 다음 각 호의 사람으로 구성한다. 이 경우 제2호 및 제3호에 해당하는 위원의 수는 전체 위원 수의 3분의 1 미만으로 한다.1. 국토교통부장관이 소속 공무원 중에서 지명하는 사람 1명2. 협회의 회장3. 협회 이사회가 협회의 임원 중에서 선임하는 사람4. 다음 각 목의 어느 하나에 해당하는 사람으로서 협회의 회장이 추천하여 국토교통부장관의 승인을 받아 위촉하는 사람가. 대학 또는 정부출연연구기관에서 부교수 또는 책임연구원 이상으로 재직하고 있거나 재직하였던 사람으로서 부동산 분야 또는 법률ㆍ회계ㆍ금융ㆍ보험 분야를 전공한 사람나. 변호사ㆍ공인회계사 또는 공인중개사의 자격이 있는 사람다. 금융감독원 또는 금융기관에서 임원 이상의 직에 있거나 있었던 사람라. 공제조합 관련 업무에 관한 학식과 경험이 풍부한 사람으로서 해당 업무에 5년 이상 종사한 사람마. 「소비자기본법」 제29조에 따라 등록한 소비자단체 및 같은 법 제33조에 따른 한국소비자원의 임원으로 재직 중인 사람③ 제2항제3호 및 제4호에 따른 위원의 임기는 2년으로 하되 1회에 한하여 연임할 수 있으며, 보궐위원의 임기는 전임자 임기의 남은 기간으로 한다.④ 운영위원회에는 위원장과 부위원장 각각 1명을 두되, 위원장 및 부위원장은 위원 중에서 각각 호선(互選)한다.⑤ 운영위원회의 위원장은 운영위원회의 회의를 소집하며 그 의장이 된다.⑥ 운영위원회의 부위원장은 위원장을 보좌하며, 위원장이 부득이한 사유로 그 직무를 수행할 수 없을 때에는 그 직무를 대행한다.⑦ 운영위원회의 회의는 재적위원 과반수의 출석으로 개의(開議)하고, 출석위원 과반수의 찬성으로 심의사항을 의결한다.⑧ 운영위원회의 사무를 처리하기 위하여 간사 및 서기를 두되, 간사 및 서기는 공제업무를 담당하는 협회의 직원 중에서 위원장이 임명한다.⑨ 간사는 회의 때마다 회의록을 작성하여 다음 회의에 보고하고 이를 보관하여야 한다.⑩ 제1항부터 제9항까지에 규정된 사항 외에 운영위원회의 운영에 필요한 사항은 운영위원회의 심의를 거쳐 위원장이 정한다.[본조신설 2013.12.4.]"
Article 35-3 (Standards for Financial Soundness),"(1) Pursuant to Article 42-6 of the Act, the Association shall comply with all of the following standards for financial soundness:1. Its solvency margin ratio shall be maintained at at least 100 percent;2. The soundness of its assets holdings, including claims for reimbursement, shall be rated regularly, and an allowance for bad debts shall be accumulated. (2) The solvency margin ratio under paragraph (1) 1 shall be calculated by dividing the solvency margin under subparagraph 1 by the standard amount of solvency margin under subparagraph 2, and the solvency margin and the standard amount of solvency margin shall be as follows:1. Solvency margin: An amount calculated by subtracting the amount prescribed by the Minister of Land, Infrastructure and Transport, such as the value of business rights and prepaid expenses, from the aggregate amount of capital, allowance for bad debts, earned surplus, and other items corresponding thereto which are prescribed by the Minister of Land, Infrastructure and Transport;2. Standard solvency margin: An amount obtained by converting the risks occurring in the course of operating mutual aid projects into an amount, as prescribed by the Minister of Land, Infrastructure and Transport.(3) The Minister of Land, Infrastructure and Transport may determine detailed standards necessary for the standards for financial soundness referred to in paragraphs (1) and (2).[This Article Newly Inserted by Presidential Decree No. 24912, Dec. 4, 2013] ",제35조의3(재무건전성 기준),"① 법 제42조의6에 따라 협회는 다음 각 호의 재무건전성기준을 모두 준수하여야 한다.1. 지급여력비율은 100분의 100이상을 유지할 것2. 구상채권 등 보유자산의 건전성을 정기적으로 분류하고 대손충당금을 적립할 것② 제1항제1호에 따른 지급여력비율은 제1호에 따른 지급여력금액을 제2호에 따른 지급여력기준금액으로 나눈 비율로 하며, 지급여력금액과 지급여력기준금액은 다음 각 호와 같다.1. 지급여력금액: 자본금, 대손충당금, 이익잉여금, 그 밖에 이에 준하는 것으로서 국토교통부장관이 정하는 금액을 합산한 금액에서 영업권, 선급비용 등 국토교통부장관이 정하는 금액을 뺀 금액2. 지급여력기준금액: 공제사업을 운영함에 따라 발생하게 되는 위험을 국토교통부장관이 정하는 방법에 따라 금액으로 환산한 것③ 국토교통부장관은 제1항 및 제2항에 따른 재무건전성 기준에 관하여 필요한 세부기준을 정할 수 있다.[본조신설 2013.12.4.]"
CHAPTER VI SUPPLEMENTARY PROVISIONS,,제6장 보칙,
Article 36 (Business Entrustment),"(1) When the Mayor/Do Governor entrusts a business as prescribed in Article 45 of the Act concerning in-service education, job education or training and education under Article 34 (1) through (4) of the Act, he/she shall entrust the business to an institution or organization equipped with the staff and facilities prescribed by Ordinance of the Ministry of Land, Infrastructure and Transport, which is designated among the institutions or organizations in the following subparagraphs: <Amended by Presidential Decree No. 20109, Jun. 26, 2007; Presidential Decree No. 20722, Feb. 29, 2008; Presidential Decree No. 21001, Sep. 10, 2008; Presidential Decree No. 24443, Mar. 23, 2013; Presidential Decree No. 25372, Jun. 3, 2014; Presidential Decree No. 25522, Jul. 28, 2014>1. Schools under Article 2 of the Higher Education Act which operate the course of study related to real estate;2. The Association;3. Public enterprises or quasi-governmental agencies under Article 5 (3) of the Act on the Management of Public Institutions.(2) The head of an examination-administering institution may entrust the business matters regarding the execution of the examination under Article 4 of the Act in accordance with Article 45 of the Act to the public enterprise or quasi-governmental agency under Article 5 (3) of the Act on the Management of Public Institutions or the Association. <Amended by Presidential Decree No. 20109, Jun. 26, 2007>(3) Where the Mayor/Do Governor or the head of the examination-administering institution entrusts the businesses under paragraphs (1) and (2), he/she shall make public notification of the name, representative, and location of the institution which is entrusted with such business, the contents of the entrusted business matters, etc. in the Official Gazette. <Amended by Presidential Decree No. 20722, Feb. 29, 2008; Presidential Decree No. 21001, Sep. 10, 2008>",제36조(업무의 위탁),"① 시ㆍ도지사는 법 제45조에 따라 법 제34조제1항부터 제4항까지의 규정에 따른 실무교육, 직무교육 및 연수교육에 관한 업무를 위탁하는 때에는 다음 각 호의 기관 또는 단체 중 국토교통부령으로 정하는 인력 및 시설을 갖춘 기관 또는 단체를 지정하여 위탁하여야 한다. <개정 2007.6.26., 2008.2.29., 2008.9.10., 2013.3.23., 2014.6.3., 2014.7.28.>1. 부동산 관련 학과가 개설된 「고등교육법」 제2조에 따른 학교2. 협회3. 「공공기관의 운영에 관한 법률」 제5조제3항에 따른 공기업 또는 준정부기관② 시험시행기관장은 법 제45조에 따라 법 제4조에 따른 시험의 시행에 관한 업무를 「공공기관의 운영에 관한 법률」 제5조제3항에 따른 공기업, 준정부기관 또는 협회에 위탁할 수 있다. <개정 2007.6.26.>③ 시ㆍ도지사 또는 시험시행기관장은 제1항 및 제2항에 따라 업무를 위탁한 때에는 위탁받은 기관의 명칭ㆍ대표자 및 소재지와 위탁업무의 내용 등을 관보에 고시하여야 한다. <개정 2008.2.29., 2008.9.10.>"
Article 37 (Reward),"(1) The reward provided for in Article 46 (1) of the Act shall be five hundred thousand won per case.(2) The reward referred to in paragraph (1) shall be paid to any person who has reported or accused a person provided for in any subparagraph of Article 46 (1) of the Act to the registration authority or the investigation agency before the offender is detected by the administrative agency concerned, only when the public prosecutor renders the decision to prosecute the case of report or accusation or to suspend such prosecution.(3) The ratio of expenses involved in the payment of rewards which can be subsidized by the National Treasury pursuant to Article 46 (2) of the Act shall be within 50/100.(4) Other necessary matters concerning the methods, procedures, etc. of paying rewards shall be prescribed by Ordinance of the Ministry of Land, Infrastructure and Transport. <Amended by Presidential Decree No. 20722, Feb. 29, 2008; Presidential Decree No. 24443, Mar. 23, 2013>",제37조(포상금),"① 법 제46조제1항의 규정에 따른 포상금은 1건당 50만원으로 한다.② 제1항의 규정에 따른 포상금은 법 제46조제1항 각 호의 어느 하나에 해당하는 자가 행정기관에 의하여 발각되기 전에 등록관청이나 수사기관에 신고 또는 고발한 자에게 그 신고 또는 고발사건에 대하여 검사가 공소제기 또는 기소유예의 결정을 한 경우에 한하여 지급한다.③ 법 제46조제2항의 규정에 따라 포상금의 지급에 소요되는 비용 중 국고에서 보조할 수 있는 비율은 100분의 50이내로 한다.④ 그 밖에 포상금의 지급방법 및 절차 등에 관하여 필요한 사항은 국토교통부령으로 정한다. <개정 2008.2.29., 2013.3.23.>"
Article 37-2 (Processing of Personally Identifiable Information),"The Minister of Land, Infrastructure and Transport, a Mayor/Do Governor or registration authority (including persons to whom the affairs under the jurisdiction of the Minister of Land, Infrastructure and Transport, a Mayor/Do Governor or registration authority are entrusted under Articles 45 of the Act), may process the data containing resident registration numbers and alien registration numbers under subparagraph 1 or 4 of Article 19 of the Enforcement Decree of the Personal Information Protection Act, if it is essential to performing the following: <Amended by Presidential Decree No. 25522, Jul. 28, 2014>1. Affairs related to the receipt of application forms for an examination for licensed real estate agents under Article 4 of the Act and Article 8 of this Decree;2. Affairs related to the issuance of qualification certificates under Article 5 of the Act;3. Affairs related to the registration of brokerage offices under Article 9 of the Act;4. Affairs related to disqualification, etc. for registration under Article 10 of the Act;5. Affairs related to the issuance of registration certificates under Article 11 of the Act;6. Affairs related to the reports on establishment of branch offices under Article 13 of the Act;7. Affairs related to reports on employees by practicing licensed real estate agents under Article 15 of the Act;8. Affairs related to the registration of seals under Article 16 of the Act;9. Affairs related to the designation of persons to establish and manage information networks for real estate transactions and the approval of management regulations for utilization, etc. of the information network for real estate transactions under Article 24 of the Act;10. Deleted; <by Presidential Decree No. 25522, Jul. 28, 2014>11. Affairs related to orders, etc. for supervision under Article 37 of the Act concerning the following matters:(a) General brokerage contracts under Article 22 of the Act;(b) Exclusive brokerage contracts under Article 23 of the Act;(c) Confirmation and explanation of objects of brokerage under Article 25 of the Act;(d) Preparation of contracts under Article 26 of the Act;(e) Guarantees for indemnification of loss under Article 30 of the Act;12. Affairs related to rewards under Article 46 of the Act.[This Article Newly Inserted by Presidential Decree No. 24912, Dec. 4, 2013]",제37조의2(고유식별정보의 처리),"국토교통부장관, 시ㆍ도지사 또는 등록관청(법 제45조에 따라 국토교통부장관, 시ㆍ도지사 또는 등록관청의 업무를 위탁받은 자를 포함한다)은 다음 각 호의 사무를 수행하기 위하여 불가피한 경우 「개인정보 보호법 시행령」 제19조제1호 또는 제4호에 따른 주민등록번호 또는 외국인등록번호가 포함된 자료를 처리할 수 있다. <개정 2014.7.28.>1. 법 제4조 및 이 영 제8조에 따른 공인중개사 응시원서 접수에 관한 사무2. 법 제5조에 따른 자격증의 교부에 관한 사무3. 법 제9조에 따른 중개사무소의 개설등록에 관한 사무4. 법 제10조에 따른 등록의 결격사유에 관한 사무5. 법 제11조에 따른 등록증의 교부에 관한 사무6. 법 제13조에 따른 분사무소의 설치신고에 관한 사무7. 법 제15조에 따른 개업공인중개사의 고용인의 신고에 관한 사무8. 법 제16조에 따른 인장의 등록에 관한 사무9. 법 제24조에 따른 부동산거래정보망의 설치ㆍ운영자 지정 및 부동산거래정보망의 이용 등에 관한 운영규정의 승인에 관한 사무10. 삭제 <2014.7.28.>11. 다음 각 호의 사항과 관련된 법 제37조에 따른 감독상의 명령 등에 관한 사무가. 법 제22조에 따른 일반중개계약나. 법 제23조에 따른 전속중개계약다. 법 제25조에 따른 중개대상물 확인ㆍ설명라. 법 제26조에 따른 거래계약서의 작성마. 법 제30조에 따른 손해배상책임의 보장12. 법 제46조에 따른 포상금에 관한 사무[본조신설 2013.12.4.]"
Article 37-3 (Re-Examination of Regulations),"The Minister of Land, Infrastructure and Transport shall examine the appropriateness of the following matters every three years from the following base dates (referring to a date preceding that which is the same with the base date of the year that comes every three years), and shall take measures for modification, etc. thereof: <Amended by Presidential Decree No. 25372, Jun. 3, 2014; Presidential Decree No. 25522, Jul. 28, 2014>1. deleted; <by Presidential Decree No. 27751, Dec. 30, 2016>2. Affairs incidental to brokerage business under Article 17: January 1, 2014;3. Education, etc. of practicing licensed real estate agents, etc. under Article 28: January 1, 2014;4. Reporting duties of the Association under Article 32: January 1, 2014;5. Imposition and collection of administrative fines under Article 38: January 1, 2014.[This Article Newly Inserted by Presidential Decree No. No. 25050, Dec. 30, 2013]",제37조의3(규제의 재검토),"국토교통부장관은 다음 각 호의 사항에 대하여 다음 각 호의 기준일을 기준으로 3년마다(매 3년이 되는 해의 기준일과 같은 날 전까지를 말한다) 그 타당성을 검토하여 개선 등의 조치를 하여야 한다. <개정 2014.6.3., 2014.7.28.>1. 삭제 <2016.12.30.>2. 제17조에 따른 중개업에 부수되는 업무: 2014년 1월 1일3. 제28조에 따른 개업공인중개사 등의 교육 등: 2014년 1월 1일4. 제32조에 따른 협회의 보고의무: 2014년 1월 1일5. 제38조에 따른 과태료의 부과ㆍ징수: 2014년 1월 1일[본조신설 2013.12.30.]"
CHAPTER VII PENALTY PROVISIONS,,제7장 벌칙,
Article 38 (Imposition and Collection of Administrative Fines),"(1) The standards for imposition of administrative fines under Article 51 (2) and (3) of the Act and Article 6 (5) of Addenda to Act No. 7638 shall be as listed in attached Table 2. <Amended by Presidential Decree No. 25522, Jul. 28, 2014>(2) Deleted. <by Presidential Decree No. 25522, Jul. 28, 2014>[This Article Wholly Amended by Presidential Decree No. 21001, Sep. 10, 2008]",제38조(과태료의 부과ㆍ징수),① 법 제51조제2항ㆍ제3항 및 법 제7638호 부칙 제6조제5항에 따른 과태료의 부과기준은 별표 2와 같다. <개정 2014.7.28.>② 삭제 <2014.7.28.>[전문개정 2008.9.10.]
ADDENDA,"(1) (Enforcement Date) This Decree shall enter into force on January 30, 2006: Provided, That the amended provisions of Article 23 and subparagraphs 1 (b) and 3 of the annexed Table 2 shall take effect on January 1, 2006.(2) (General Transitional Measures) Any disposition, procedure or other acts carried out under the Enforcement Decree of the former Real Estate Brokerage Act at the time this Decree enters into force shall be deemed to be taken or done pursuant to the provisions of this Decree.(3) (Relationship with Other Statutes) In case where the provisions of the Enforcement Decree of the former Real Estate Brokerage Act are cited in any other statute at the time this Decree enters into force, if there exist any corresponding provisions in this Decree, this Decree or the corresponding provisions in this Decree shall be deemed to be cited in lieu of the previous provisions.","부칙  <제19248호, 2005.12.30.>","① (시행일) 이 영은 2006년 1월 30일부터 시행한다. 다만, 제23조ㆍ별표 2 제1호 나목 및 동표 제3호의 개정규정은 2006년 1월 1일부터 시행한다.② (일반적 경과조치) 이 영 시행당시 종전의 「부동산중개업법 시행령」에 따른 처분ㆍ절차 그 밖의 행위는 이 영의 규정에 따라 행하여진 것으로 본다.③ (다른 법령과의 관계) 이 영 시행당시 다른 법령에서 종전의 「부동산중개업법 시행령」의 규정을 인용하고 있는 경우 이 영 중 그에 해당하는 규정이 있는 경우에는 종전의 규정에 갈음하여 이 영 또는 이 영의 해당규정을 인용한 것으로 본다."
"ADDENDUM <Presidential Decree No. 19507, Jun. 12, 2006>",This Decree shall enter into force on the date of its promulgation.,"부칙  <제19507호, 2006.6.12.>",이 영은 공포한 날부터 시행한다.
"ADDENDUM <Presidential Decree No. 20109, Jun. 26, 2007>","This Decree shall enter into force on June 29, 2007.","부칙  <제20109호, 2007.6.26.>",이 영은 2007년 6월 29일부터 시행한다.
"ADDENDA <Presidential Decree No. 20722, Feb. 29, 2008>",Article 1 (Enforcement Date)This Decree shall enter into force on the date of its promulgation. (Proviso Omitted.)Articles 2 through 6 Omitted. ,"부칙  <제20722호, 2008.2.29.>","제1조(시행일)이 영은 공포한 날부터 시행한다. 다만, 부칙 제6조에 따라 개정되는 대통령령 중 이 영의 시행 전에 공포되었으나 시행일이 도래하지 아니한 대통령령을 개정한 부분은 각각 해당 대통령령의 시행일부터 시행한다.제2조부터 제6조까지 생략"
"ADDENDA <Presidential Decree No. 20947, Jul. 29, 2008>","Article 1 (Enforcement Date)This Decree shall enter into force on February 4, 2009. (Proviso Omitted.)Articles 2 through 28 Omitted. ","부칙  <제20947호, 2008.7.29.>",제1조(시행일)이 영은 2009년 2월 4일부터 시행한다. <단서 생략>제2조부터 제28조까지 생략
"ADDENDUM <Presidential Decree No. 21001, Sep. 10, 2008>","This Decree shall enter into force on September 14, 2008: Provided, That the amended provisions of Article 24 (1) shall enter into force on January 1, 2009.","부칙  <제21001호, 2008.9.10.>","이 영은 2008년 9월 14일부터 시행한다. 다만, 제24조제1항의 개정규정은 2009년 1월 1일부터 시행한다."
"ADDENDA <Presidential Decree No. 21148, Dec. 3, 2008>","Article 1 (Enforcement Date)This Decree shall enter into force on December 6, 2008.Articles 2 and 3 Omitted. ","부칙  <제21148호, 2008.12.3.>",제1조(시행일)이 영은 2008년 12월 6일부터 시행한다.제2조 및 제3조 생략
"ADDENDA <Presidential Decree No. 21159, Dec. 9, 2008>",Article 1 (Enforcement Date)This Decree shall enter into force on the date of its promulgation.Articles 2 through 4 Omitted. ,"부칙  <제21159호, 2008.12.9.>",제1조(시행일)이 영은 공포한 날부터 시행한다.제2조 및 제4조 생략
"ADDENDUM <Presidential Decree No. 21609, Jul. 1, 2009>","This Decree shall enter into force on July 2, 2009","부칙  <제21609호, 2009.7.1.>",이 영은 2009년 7월 2일부터 시행한다.
"ADDENDA <Presidential Decree No. 21881, Dec. 14, 2009>",Article 1 (Enforcement Date)This Decree shall enter into force on the date of its promulgation. (Proviso Omitted.)Articles 2 through 7 Omitted.,"부칙  <제21881호, 2009.12.14.>",제1조(시행일)이 영은 공포한 날부터 시행한다. <단서 생략>제2조부터 제7조까지 생략
"ADDENDA <Presidential Decree No. 22003, Jan. 27, 2010>","Article 1 (Enforcement Date)This Decree shall enter into force on February 1, 2010.Articles 2 through 5 Omitted.","부칙  <제22003호, 2010.1.27.>",제1조(시행일)이 영은 2010년 2월 1일부터 시행한다.제2조 및 제5조 생략
"ADDENDA <Presidential Decree No. 22151, May 4, 2010>","Article 1 (Enforcement Date)This Decree shall enter into force on May 5, 2010.Articles 2 through 4 Omitted.","부칙  <제22151호, 2010.5.4.>",제1조(시행일)이 영은 2010년 5월 5일부터 시행한다. 제2조 및 제4조 생략
"ADDENDUM <Presidential Decree No. 22467, Nov. 2, 2010>",This Decree shall enter into force on the date of its promulgation.,"부칙  <제22467호, 2010.11.2.>",이 영은 공포한 날부터 시행한다.
"ADDENDA <Presidential Decree No. 22493, Nov. 15, 2010>","Article 1 (Enforcement Date)This Decree shall enter into force on November 18, 2010.Articles 2 through 5 Omitted.","부칙  <제22493호, 2010.11.15.>",제1조(시행일)이 영은 2010년 11월 18일부터 시행한다.제2조 및 제5조 생략
"ADDENDA <Presidential Decree No. 22539, Dec. 20, 2010>","Article 1 (Enforcement Date)This Decree shall enter into force on January 1, 2011.Article 2 (Applicability to Standards for Imposition of Administrative Fines)The amended provisions of the latter part of Article 38 (2) and subparagraph 4 of attached Table 2 shall apply from the calculation of the administrative fines related to reporting on a transaction of a real estate for which the liability to pay acquisition tax is constituted for the first time after this Decree enters into force.","부칙  <제22539호, 2010.12.20.>",제1조(시행일)이 영은 2011년 1월 1일부터 시행한다.제2조(과태료 부과기준에 관한 적용례)제38조제2항 후단 및 별표 2 제4호의 개정규정은 이 영 시행 후 최초로 취득세 납세의무가 성립하는 부동산거래의 신고에 관한 과태료 산정부터 적용한다.
"ADDENDUM <Presidential Decree No. 22711, Mar. 15, 2011>",This Decree shall enter into force on the date of its promulgation.,"부칙  <제22711호, 2011.3.15.>",이 영은 공포한 날부터 시행한다.
"ADDENDUM <Presidential Decree No. 23086, Aug. 19, 2011>","This Decree shall enter into force on August 20, 2011.","부칙  <제23086호, 2011.8.19.>",이 영은 2011년 8월 20일부터 시행한다.
"ADDENDA <Presidential Decree No. 23759, May 1, 2012>","Article 1 (Enforcement Date)This Decree shall enter into force on the date of its promulgation. (Proviso Omitted.)Article 2 (Applicability to Publication of Examinations)Matters concerning the amendment of the deadline for publication of examinations, etc. provided in this Act shall apply from the examinations administered on or after January 1, 2013.","부칙  <제23759호, 2012.5.1.>",제1조(시행일)이 영은 공포한 날부터 시행한다. <단서 생략>제2조(시험의 공고에 관한 적용례)이 영 가운데 시험 등의 공고 기한을 개정하는 사항은 2013년 1월 1일 이후에 시행하는 시험부터 적용한다.
"ADDENDUM <Presidential Decree No. 23918, Jun. 29, 2012>",This Decree shall enter into force on the date of its promulgation.,"부칙  <제23918호, 2012.6.29.>",이 영은 공포한 날부터 시행한다.
"ADDENDA <Presidential Decree No. 24443, Mar. 23, 2013>",Article 1 (Enforcement Date)This Act shall enter into force on the date of its promulgation. (Proviso Omitted.)Articles 2 through 6 Omitted.,"부칙  <제24443호, 2013.3.23.>",제1조(시행일)이 영은 공포한 날부터 시행한다. <단서 생략>제2조부터 제6조까지 생략
"ADDENDA <Presidential Decree No. 24912, Dec. 4, 2013>","Article 1 (Enforcement Date)This Decree shall enter into force on December 5, 2013.Article 2 (Applicability to Restriction on Joint Use of Brokerage Office)The amended provisions of Article 16 (2) shall apply to brokers whose business becomes suspended under Article 39 (1) of the Act after this Decree enters into force.Article 3 (Applicability to Labeling and Advertising of Objects of Brokerage)The amended provisions of Article 17-2 shall apply to labeling and advertising of objects of brokerage conducted after this Decree enters into force.","부칙  <제24912호, 2013.12.4.>",제1조(시행일)이 영은 2013년 12월 5일부터 시행한다.제2조(중개사무소의 공동사용 제한에 관한 적용례)제16조제2항의 개정규정은 이 영 시행 후 법 제39조제1항에 따른 업무의 정지를 받은 중개업자부터 적용한다.제3조(중개대상물의 표시ㆍ광고에 관한 적용례)제17조의2의 개정규정은 이 영 시행 후 중개대상물에 대하여 표시ㆍ광고를 하는 경우부터 적용한다.
"ADDENDUM <Presidential Decree No. 25050, Dec. 30, 2013>","This Decree shall enter into force on January 1, 2014. (Proviso Omitted.)","부칙  <제25050호, 2013.12.30.>",이 영은 2014년 1월 1일부터 시행한다. <단서 생략>
"ADDENDA <Presidential Decree No. 25372, Jun. 3, 2014>","Article 1 (Enforcement Date)This Decree shall enter into force on June 5, 2014.Article 2 (Transitional Measures concerning Training Education)Brokers (in the case of a corporation, the employees and executives thereof; and where it is intended to file a report on the establishment of a branch office under Article 13 (3) of the Act, referring to the person responsible for the branch office) who have undergone in-service education under Article 34 (1) of the Act before this Decree enters into force shall complete the training under Article 34 (4) of the Act within two years after this Decree enters into force.","부칙  <제25372호, 2014.6.3.>","제1조(시행일)이 영은 2014년 6월 5일부터 시행한다.제2조(연수교육에 관한 경과조치)이 영 시행 전에 법 제34조제1항에 따라 실무교육을 받은 중개업자(법인인 경우에는 사원ㆍ임원을 말하며, 법 제13조제3항에 따라 분사무소의 설치신고를 하려는 경우에는 분사무소의 책임자를 말한다)는 이 영 시행 후 2년 이내에 법 제34조제4항에 따른 연수교육을 이수하여야 한다."
"ADDENDA <Presidential Decree No. 25522, Jul. 28, 2014>","Article 1 (Enforcement Date)This Decree shall enter into force on July 29, 2014.Article 2 Omitted. Article 3 (Relationship with Other Statutes)Where any other statute cites the former provisions of the Business Affairs of Licensed Real Estate Agents and Report of Real Estate Transactions Act as at the time this Decree enters into force (excluding where Article 23, 23-2 or 23-3 of the former Business Affairs of Licensed Real Estate Agents and Report of Real Estate Transactions Act is cited), it shall be deemed to have cited the relevant provisions of this Decree in lieu of the former provisions.","부칙  <제25522호, 2014.7.28.>","제1조(시행일)이 영은 2014년 7월 29일부터 시행한다.제2조 생략제3조(다른 법령과의 관계)이 영 시행 당시 다른 법령에서 종전의 「공인중개사의 업무 및 부동산 거래신고에 관한 법률 시행령」 또는 그 규정을 인용하고 있는 경우(종전의 「공인중개사의 업무 및 부동산 거래신고에 관한 법률 시행령」 제23조, 제23조의2 또는 제23조의3을 인용하고 있는 경우는 제외한다)에는 종전의 규정을 갈음하여 이 영 또는 이 영의 해당 규정을 인용한 것으로 본다."
"ADDENDA <Presidential Decree No. 25652, Oct. 14, 2014>",Article 1 (Enforcement Date)This Decree shall enter into force on the date of its promulgation. (Proviso Omitted.)Articles 2 through 4 Omitted.,"부칙  <제25652호, 2014.10.14.>",제1조(시행일)이 영은 공포한 날부터 시행한다. <단서 생략>제2조 및 제4조 생략
"ADDENDA <Presidential Decree No. 26302, Jun. 1, 2015>","Article 1 (Enforcement Date)This Decree shall enter into force on June 4, 2015.Articles 2 and 3 Omitted.","부칙  <제26302호, 2015.6.1.>",제1조(시행일)이 영은 2015년 6월 4일부터 시행한다.제2조 및 제3조 생략
"ADDENDUM <Presidential Decree No. 26892, Jan. 12, 2016>",This Decree shall enter into force on the date of its promulgation.,"부칙  <제26892호, 2016.1.12.>",이 영은 공포한 날부터 시행한다.
"ADDENDA <Presidential Decree No. 27751, Dec. 30, 2016>","Article 1 (Enforcement Date)This Decree shall enter into force on January 1, 2017. (Proviso Omitted.)Articles 2 through 12 Omitted.","부칙  <제27751호, 2016.12.30.>",제1조(시행일)이 영은 2017년 1월 1일부터 시행한다. <단서 생략>제2조부터 제12조까지 생략
"ADDENDA <Presidential Decree No. 27793, Jan. 17, 2017>","Article 1 (Enforcement Date)This Decree shall enter into force on January 20, 2017. Articles 2 through 5 Omitted.","부칙  <제27793호, 2017.1.17.>",제1조(시행일)이 영은 2017년 1월 20일부터 시행한다.제2조 및 제5조 생략
